InitialDHWeight,InitialCritWeight,InitialDetWeight,InitialSSWeight,Weapon,Head,Chest,Hands,Legs,Feet,Ear,Neck,Wrist,Finger1,Finger2,Food,WD,Int,DH,Crit,Det,SS,DPS
1.0,-1.0,1.0,0.0,Augmented Lunar Envoy's Staff (),Augmented Radiant's Visor of Casting (DH+DH),Manalis Coat of Casting (DH+DH),Augmented Radiant's Gloves of Casting (Det+DH),Asphodelos Trousers of Casting (DH+DH),Asphodelos Gaiters of Casting (Det+Det),Asphodelos Earrings of Casting (Det+Det),Augmented Radiant's Choker of Casting (DH+DH),Asphodelos Amulet of Casting (Crit+DH),Manalis Ring of Casting (SS),Asphodelos Ring of Casting (SS+SS),Melon Pie,120,2583,1757,436,1882,1562,8383.655723148
1.412,0.7,1.618,1.0,Augmented Lunar Envoy's Staff (),Augmented Radiant's Visor of Casting (Det+DH),Augmented Radiant's Mail of Casting (SS+Crit),Augmented Radiant's Gloves of Casting (Det+Det),Asphodelos Trousers of Casting (Det+Det),Asphodelos Gaiters of Casting (Det+Det),Asphodelos Earrings of Casting (Det+Det),Augmented Radiant's Choker of Casting (DH+DH),Asphodelos Amulet of Casting (Det+DH),Asphodelos Ring of Casting (SS+SS),Manalis Ring of Casting (SS),Piennolo Tomato Salad,120,2575,1578,436,1745,1875,8354.867333078251
1.0,0.7,1.618,1.412,Asphodelos Staff (Det+Det),Augmented Radiant's Visor of Casting (Det+DH),Manalis Coat of Casting (SS+SS),Augmented Radiant's Gloves of Casting (Det+Det),Asphodelos Trousers of Casting (Det+Det),Manalis Boots of Casting (Crit+DH),Augmented Radiant's Earrings of Casting (SS+SS),Augmented Radiant's Choker of Casting (SS+DH),Asphodelos Amulet of Casting (Det+DH),Asphodelos Ring of Casting (SS+SS),Manalis Ring of Casting (SS),Piennolo Tomato Salad,120,2588,1025,713,1904,2069,8321.5302478
1.618,0.7,1.412,1.0,Augmented Lunar Envoy's Staff (),Augmented Radiant's Visor of Casting (DH+DH),Manalis Coat of Casting (DH+DH),Augmented Radiant's Gloves of Casting (Det+DH),Asphodelos Trousers of Casting (DH+DH),Asphodelos Gaiters of Casting (Det+Det),Asphodelos Earrings of Casting (Det+Det),Augmented Radiant's Choker of Casting (DH+DH),Abyssos Amulet of Casting (),Manalis Ring of Casting (SS),Asphodelos Ring of Casting (SS+SS),Piennolo Tomato Salad,120,2587,1772,529,1735,1532,8311.30892499575
1.0,0.7,1.412,1.618,Asphodelos Staff (Det+Det),Asphodelos Headgear of Casting (SS+SS),Augmented Radiant's Mail of Casting (SS+SS),Augmented Radiant's Gloves of Casting (Det+Det),Asphodelos Trousers of Casting (Det+Det),Manalis Boots of Casting (Det+DH),Asphodelos Earrings of Casting (SS+Det),Augmented Radiant's Choker of Casting (SS+DH),Asphodelos Amulet of Casting (Det+DH),Asphodelos Ring of Casting (SS+SS),Manalis Ring of Casting (SS),Melon Pie,120,2580,1344,750,1499,2115,8287.437133677
1.618,0.7,1.0,1.412,Asphodelos Staff (DH+DH),Augmented Radiant's Visor of Casting (DH+DH),Augmented Radiant's Mail of Casting (SS+SS),Augmented Radiant's Gloves of Casting (Det+DH),Asphodelos Trousers of Casting (DH+DH),Asphodelos Gaiters of Casting (SS+Det),Asphodelos Earrings of Casting (SS+Det),Augmented Radiant's Choker of Casting (DH+DH),Abyssos Amulet of Casting (),Asphodelos Ring of Casting (SS+SS),Manalis Ring of Casting (SS),Piennolo Tomato Salad,120,2579,1660,717,1135,2125,8242.164790197
1.0,-1.0,0.0,1.0,Augmented Lunar Envoy's Staff (),Abyssos Helm of Casting (),Augmented Radiant's Mail of Casting (SS+SS),Augmented Radiant's Gloves of Casting (DH+DH),Abyssos Culottes of Casting (),Asphodelos Gaiters of Casting (SS+SS),Augmented Radiant's Earrings of Casting (Crit+DH),Augmented Radiant's Choker of Casting (DH+DH),Rinascita Bracelet of Casting (),Manalis Ring of Casting (SS),Asphodelos Ring of Casting (SS+SS),Melon Pie,120,2592,1976,525,1188,1691,8227.108303896002
1.0,0.0,80.0,6400.0,Asphodelos Staff (Crit+DH),Augmented Radiant's Visor of Casting (Det+Det),Augmented Radiant's Mail of Casting (SS+SS),Augmented Lunar Envoy's Gloves of Casting (),Asphodelos Trousers of Casting (Det+Det),Manalis Boots of Casting (Det+Det),Augmented Lunar Envoy's Earring of Casting (),Augmented Radiant's Choker of Casting (SS+SS),Augmented Lunar Envoy's Bracelets of Casting (),Asphodelos Ring of Casting (SS+SS),Manalis Ring of Casting (SS),Melon Pie,120,2593,1029,624,1549,2214,8221.481034429
1.412,0.7,1.0,1.618,Asphodelos Staff (DH+DH),Augmented Radiant's Visor of Casting (DH+DH),Asphodelos Chiton of Casting (SS+Det),Augmented Radiant's Gloves of Casting (Det+DH),Asphodelos Trousers of Casting (DH+DH),Asphodelos Gaiters of Casting (SS+Det),Asphodelos Earrings of Casting (SS+Det),Augmented Radiant's Choker of Casting (SS+DH),Asphodelos Amulet of Casting (DH+DH),Asphodelos Ring of Casting (SS+SS),Manalis Ring of Casting (SS),Piennolo Tomato Salad,120,2575,1349,845,1440,2072,8221.319784704
0.0,-1.0,1.0,1.0,Augmented Lunar Envoy's Staff (),Augmented Radiant's Visor of Casting (Det+Det),Rinascita Coat of Casting (),Manalis Dress Gloves of Casting (SS+DH),Asphodelos Trousers of Casting (Det+Det),Manalis Boots of Casting (Det+Det),Augmented Lunar Envoy's Earring of Casting (),Augmented Radiant's Choker of Casting (SS+SS),Asphodelos Amulet of Casting (Det+Det),Asphodelos Ring of Casting (SS+SS),Manalis Ring of Casting (SS),Piennolo Tomato Salad,120,2597,811,563,2056,1956,8215.060604172
80.0,1.0,6400.0,0.0,Augmented Lunar Envoy's Staff (),Augmented Radiant's Visor of Casting (Det+Det),Manalis Coat of Casting (DH+DH),Augmented Radiant's Gloves of Casting (Det+DH),Manalis Trousers of Casting (DH+DH),Manalis Boots of Casting (Det+Det),Abyssos Earrings of Casting (),Augmented Lunar Envoy's Necklace of Casting (),Asphodelos Amulet of Casting (Det+Det),Asphodelos Ring of Casting (SS+SS),Manalis Ring of Casting (SS),Melon Pie,120,2604,1288,761,2198,1177,8194.907948831999
6400.0,0.0,1.0,80.0,Augmented Lunar Envoy's Staff (),Abyssos Helm of Casting (),Manalis Coat of Casting (Crit+DH),Augmented Radiant's Gloves of Casting (DH+DH),Abyssos Culottes of Casting (),Asphodelos Gaiters of Casting (SS+SS),Asphodelos Earrings of Casting (SS+SS),Asphodelos Necklace of Casting (DH+DH),Rinascita Bracelet of Casting (),Manalis Ring of Casting (SS),Asphodelos Ring of Casting (SS+SS),Piennolo Tomato Salad,120,2600,2043,563,1135,1574,8193.42215325625
6400.0,1.0,80.0,0.0,Augmented Lunar Envoy's Staff (),Abyssos Helm of Casting (),Augmented Lunar Envoy's Justaucorps of Casting (),Augmented Radiant's Gloves of Casting (DH+DH),Abyssos Culottes of Casting (),Asphodelos Gaiters of Casting (SS+Crit),Asphodelos Earrings of Casting (Det+Det),Asphodelos Necklace of Casting (DH+DH),Rinascita Bracelet of Casting (),Manalis Ring of Casting (SS),Asphodelos Ring of Casting (SS+SS),Piennolo Tomato Salad,120,2600,2085,563,948,1704,8184.970131687999
1000.0,0.0,1.0,1000000.0,Asphodelos Staff (DH+DH),Manalist Hat of Casting (DH+DH),Augmented Radiant's Mail of Casting (SS+SS),Augmented Radiant's Gloves of Casting (Crit+DH),Abyssos Culottes of Casting (),Abyssos Boots of Casting (),Augmented Lunar Envoy's Earring of Casting (),Augmented Radiant's Choker of Casting (SS+SS),Augmented Lunar Envoy's Bracelets of Casting (),Asphodelos Ring of Casting (SS+SS),Manalis Ring of Casting (SS),Melon Pie,120,2601,1471,738,972,2216,8180.877858875
80.0,1.0,0.0,6400.0,Asphodelos Staff (DH+DH),Manalist Hat of Casting (DH+DH),Augmented Radiant's Mail of Casting (SS+SS),Augmented Lunar Envoy's Gloves of Casting (),Abyssos Culottes of Casting (),Asphodelos Gaiters of Casting (SS+Crit),Augmented Lunar Envoy's Earring of Casting (),Augmented Radiant's Choker of Casting (SS+SS),Augmented Lunar Envoy's Bracelets of Casting (),Asphodelos Ring of Casting (SS+SS),Manalis Ring of Casting (SS),Piennolo Tomato Salad,120,2601,1445,738,914,2300,8179.7754511124995
80.0,0.0,6400.0,1.0,Augmented Lunar Envoy's Staff (),Augmented Radiant's Visor of Casting (Det+Det),Manalis Coat of Casting (DH+DH),Augmented Radiant's Gloves of Casting (DH+DH),Manalis Trousers of Casting (DH+DH),Manalis Boots of Casting (Det+Det),Abyssos Earrings of Casting (),Augmented Lunar Envoy's Necklace of Casting (),Asphodelos Amulet of Casting (Det+Det),Asphodelos Ring of Casting (SS+SS),Manalis Ring of Casting (SS),Melon Pie,120,2604,1301,761,2162,1177,8179.21813056
1.412,1.0,0.7,1.618,Asphodelos Staff (DH+DH),Manalist Hat of Casting (DH+DH),Augmented Radiant's Mail of Casting (SS+SS),Augmented Radiant's Gloves of Casting (Crit+DH),Abyssos Culottes of Casting (),Abyssos Boots of Casting (),Asphodelos Earrings of Casting (SS+Crit),Asphodelos Necklace of Casting (SS+SS),Asphodelos Amulet of Casting (DH+DH),Manalis Ring of Casting (SS),Asphodelos Ring of Casting (SS+SS),Melon Pie,120,2593,1759,901,754,2155,8177.203866217001
6400.0,1.0,0.0,80.0,Augmented Lunar Envoy's Staff (),Abyssos Helm of Casting (),Augmented Lunar Envoy's Justaucorps of Casting (),Augmented Radiant's Gloves of Casting (DH+DH),Asphodelos Trousers of Casting (Det+Crit),Asphodelos Gaiters of Casting (SS+SS),Asphodelos Earrings of Casting (SS+SS),Asphodelos Necklace of Casting (DH+DH),Rinascita Bracelet of Casting (),Manalis Ring of Casting (SS),Asphodelos Ring of Casting (SS+SS),Piennolo Tomato Salad,120,2592,1904,563,1092,1753,8169.188856131249
0.0,1.0,1000.0,1000000.0,Asphodelos Staff (Det+Det),Manalist Hat of Casting (Det+Det),Augmented Radiant's Mail of Casting (SS+SS),Manalis Dress Gloves of Casting (SS+SS),Abyssos Culottes of Casting (),Manalis Boots of Casting (Det+Det),Augmented Lunar Envoy's Earring of Casting (),Augmented Radiant's Choker of Casting (SS+SS),Augmented Lunar Envoy's Bracelets of Casting (),Asphodelos Ring of Casting (SS+SS),Manalis Ring of Casting (SS),Melon Pie,120,2606,1063,865,1279,2217,8165.255389928999
0.0,1.0,80.0,6400.0,Asphodelos Staff (Det+Det),Asphodelos Headgear of Casting (SS+Det),Augmented Radiant's Mail of Casting (SS+SS),Manalis Dress Gloves of Casting (SS+SS),Asphodelos Trousers of Casting (Det+Det),Manalis Boots of Casting (Det+Det),Augmented Lunar Envoy's Earring of Casting (),Augmented Radiant's Choker of Casting (SS+SS),Augmented Lunar Envoy's Bracelets of Casting (),Asphodelos Ring of Casting (SS+SS),Manalis Ring of Casting (SS),Piennolo Tomato Salad,120,2593,957,913,1437,2185,8141.774906591999
1.0,0.0,1000.0,1000000.0,Asphodelos Staff (Det+Det),Augmented Lunar Envoy's Hairpin of Casting (),Augmented Radiant's Mail of Casting (SS+SS),Augmented Lunar Envoy's Gloves of Casting (),Abyssos Culottes of Casting (),Manalis Boots of Casting (Det+Det),Augmented Lunar Envoy's Earring of Casting (),Augmented Radiant's Choker of Casting (SS+SS),Augmented Lunar Envoy's Bracelets of Casting (),Asphodelos Ring of Casting (SS+SS),Manalis Ring of Casting (SS),Melon Pie,120,2606,1178,751,1321,2054,8141.138553274999
1.0,1000.0,0.0,1000000.0,Asphodelos Staff (Crit+Crit),Augmented Radiant's Visor of Casting (Det+Crit),Augmented Radiant's Mail of Casting (SS+SS),Manalis Dress Gloves of Casting (SS+SS),Abyssos Culottes of Casting (),Manalis Boots of Casting (Crit+Crit),Augmented Lunar Envoy's Earring of Casting (),Augmented Radiant's Choker of Casting (SS+SS),Augmented Lunar Envoy's Bracelets of Casting (),Asphodelos Ring of Casting (SS+SS),Manalis Ring of Casting (SS),Melon Pie,120,2601,1063,931,1235,2216,8138.61299233125
1000.0,1.0,0.0,1000000.0,Asphodelos Staff (DH+DH),Asphodelos Headgear of Casting (Det+DH),Augmented Radiant's Mail of Casting (SS+SS),Augmented Lunar Envoy's Gloves of Casting (),Abyssos Culottes of Casting (),Abyssos Boots of Casting (),Augmented Lunar Envoy's Earring of Casting (),Augmented Radiant's Choker of Casting (SS+SS),Augmented Lunar Envoy's Bracelets of Casting (),Asphodelos Ring of Casting (SS+SS),Manalis Ring of Casting (SS),Melon Pie,120,2601,1513,750,1008,2054,8133.207576416
1.0,0.0,-1.0,1.0,Asphodelos Staff (DH+DH),Abyssos Helm of Casting (),Augmented Radiant's Mail of Casting (SS+SS),Augmented Radiant's Gloves of Casting (DH+DH),Abyssos Culottes of Casting (),Asphodelos Gaiters of Casting (SS+SS),Augmented Radiant's Earrings of Casting (DH+DH),Asphodelos Necklace of Casting (SS+DH),Rinascita Bracelet of Casting (),Asphodelos Ring of Casting (SS+SS),Manalis Ring of Casting (SS),Piennolo Tomato Salad,120,2592,1910,804,734,2004,8131.384652148001
1000000.0,0.0,1000.0,1.0,Augmented Lunar Envoy's Staff (),Augmented Radiant's Visor of Casting (Crit+DH),Augmented Lunar Envoy's Justaucorps of Casting (),Augmented Radiant's Gloves of Casting (DH+DH),Abyssos Culottes of Casting (),Augmented Lunar Envoy's Boots of Casting (),Asphodelos Earrings of Casting (Det+Det),Asphodelos Necklace of Casting (DH+DH),Rinascita Bracelet of Casting (),Manalis Ring of Casting (SS),Asphodelos Ring of Casting (SS+SS),Piennolo Tomato Salad,120,2600,1959,677,1061,1603,8131.222713510499
0.7,1.0,1.618,1.412,Asphodelos Staff (Det+Det),Augmented Radiant's Visor of Casting (Det+Crit),Rinascita Coat of Casting (),Asphodelos Wristbands of Casting (SS+Det),Manalis Trousers of Casting (SS+SS),Manalis Boots of Casting (Det+Crit),Augmented Radiant's Earrings of Casting (SS+SS),Augmented Radiant's Choker of Casting (SS+Crit),Asphodelos Amulet of Casting (Det+Crit),Asphodelos Ring of Casting (SS+SS),Manalis Ring of Casting (SS),Piennolo Tomato Salad,120,2596,581,1164,2024,1867,8130.734792099999
1000000.0,1.0,1000.0,0.0,Augmented Lunar Envoy's Staff (),Abyssos Helm of Casting (),Augmented Lunar Envoy's Justaucorps of Casting (),Augmented Radiant's Gloves of Casting (Det+Crit),Abyssos Culottes of Casting (),Augmented Lunar Envoy's Boots of Casting (),Asphodelos Earrings of Casting (Det+Det),Asphodelos Necklace of Casting (DH+DH),Rinascita Bracelet of Casting (),Manalis Ring of Casting (SS),Asphodelos Ring of Casting (SS+SS),Piennolo Tomato Salad,120,2605,2037,677,984,1555,8129.779512356249
-1.0,0.0,1.0,1.0,Asphodelos Staff (Det+Det),Augmented Radiant's Visor of Casting (Det+Det),Rinascita Coat of Casting (),Manalis Dress Gloves of Casting (Det+Det),Asphodelos Trousers of Casting (Crit+Crit),Manalis Boots of Casting (Det+Det),Augmented Lunar Envoy's Earring of Casting (),Augmented Radiant's Choker of Casting (SS+SS),Asphodelos Amulet of Casting (Det+Det),Manalis Ring of Casting (SS),Augmented Radiant's Ring of Casting (SS+SS),Piennolo Tomato Salad,120,2597,676,950,1732,2134,8122.47280228125
6400.0,80.0,0.0,1.0,Augmented Lunar Envoy's Staff (),Asphodelos Headgear of Casting (DH+DH),Augmented Lunar Envoy's Justaucorps of Casting (),Augmented Radiant's Gloves of Casting (DH+DH),Abyssos Culottes of Casting (),Manalis Boots of Casting (Det+DH),Asphodelos Earrings of Casting (Crit+Crit),Asphodelos Necklace of Casting (DH+DH),Rinascita Bracelet of Casting (),Manalis Ring of Casting (SS),Asphodelos Ring of Casting (SS+SS),Piennolo Tomato Salad,120,2600,1958,761,1026,1604,8120.940798911999
1000000.0,1000.0,1.0,0.0,Augmented Lunar Envoy's Staff (),Abyssos Helm of Casting (),Augmented Lunar Envoy's Justaucorps of Casting (),Augmented Radiant's Gloves of Casting (DH+DH),Abyssos Culottes of Casting (),Augmented Lunar Envoy's Boots of Casting (),Asphodelos Earrings of Casting (Crit+Crit),Asphodelos Necklace of Casting (DH+DH),Asphodelos Amulet of Casting (Det+Crit),Manalis Ring of Casting (SS),Asphodelos Ring of Casting (SS+SS),Piennolo Tomato Salad,120,2601,1957,749,1001,1592,8112.95035395
80.0,0.0,1.0,6400.0,Asphodelos Staff (DH+DH),Manalist Hat of Casting (DH+DH),Augmented Radiant's Mail of Casting (SS+SS),Augmented Lunar Envoy's Gloves of Casting (),Abyssos Culottes of Casting (),Augmented Radiant's Greaves of Casting (DH+DH),Augmented Lunar Envoy's Earring of Casting (),Augmented Radiant's Choker of Casting (SS+SS),Augmented Lunar Envoy's Bracelets of Casting (),Asphodelos Ring of Casting (SS+SS),Manalis Ring of Casting (SS),Melon Pie,120,2601,1484,864,972,2054,8112.288282875999
1000.0,0.0,1000000.0,1.0,Augmented Lunar Envoy's Staff (),Augmented Radiant's Visor of Casting (Det+Det),Manalis Coat of Casting (DH+DH),Asphodelos Wristbands of Casting (Det+Det),Manalis Trousers of Casting (SS+SS),Manalis Boots of Casting (Det+Det),Abyssos Earrings of Casting (),Augmented Lunar Envoy's Necklace of Casting (),Asphodelos Amulet of Casting (Det+Det),Asphodelos Ring of Casting (SS+SS),Manalis Ring of Casting (SS),Piennolo Tomato Salad,120,2604,1028,923,2266,1184,8111.796312475
0.7,1.0,1.412,1.618,Asphodelos Staff (Det+Det),Augmented Radiant's Visor of Casting (Det+Crit),Rinascita Coat of Casting (),Manalis Dress Gloves of Casting (SS+Det),Asphodelos Trousers of Casting (Det+Det),Augmented Radiant's Greaves of Casting (DH+DH),Augmented Radiant's Earrings of Casting (SS+SS),Augmented Radiant's Choker of Casting (SS+Crit),Asphodelos Amulet of Casting (Det+Crit),Asphodelos Ring of Casting (SS+SS),Manalis Ring of Casting (SS),Piennolo Tomato Salad,120,2588,749,1110,1754,2003,8107.418932272
1.618,1.0,1.412,0.7,Augmented Lunar Envoy's Staff (),Asphodelos Headgear of Casting (Det+DH),Manalis Coat of Casting (DH+DH),Asphodelos Wristbands of Casting (DH+DH),Manalis Trousers of Casting (DH+DH),Manalis Boots of Casting (DH+DH),Augmented Radiant's Earrings of Casting (DH+DH),Asphodelos Necklace of Casting (Det+DH),Augmented Radiant's Bracelet of Casting (Det+DH),Manalis Ring of Casting (SS),Asphodelos Ring of Casting (SS+SS),Melon Pie,120,2596,1754,1248,1914,726,8106.86250304875
0.0,80.0,1.0,6400.0,Asphodelos Staff (Crit+Crit),Manalist Hat of Casting (Crit+Crit),Augmented Radiant's Mail of Casting (SS+SS),Manalis Dress Gloves of Casting (SS+SS),Abyssos Culottes of Casting (),Manalis Boots of Casting (Det+Crit),Augmented Lunar Envoy's Earring of Casting (),Augmented Radiant's Choker of Casting (SS+SS),Augmented Lunar Envoy's Bracelets of Casting (),Asphodelos Ring of Casting (SS+SS),Manalis Ring of Casting (SS),Melon Pie,120,2606,1063,1022,1122,2217,8104.3039732874995
1.0,0.0,6400.0,80.0,Augmented Lunar Envoy's Staff (),Augmented Radiant's Visor of Casting (Det+Det),Rinascita Coat of Casting (),Asphodelos Wristbands of Casting (Det+Det),Manalis Trousers of Casting (SS+SS),Manalis Boots of Casting (Det+Det),Abyssos Earrings of Casting (),Augmented Radiant's Choker of Casting (SS+Crit),Asphodelos Amulet of Casting (Det+Det),Asphodelos Ring of Casting (SS+SS),Manalis Ring of Casting (SS),Piennolo Tomato Salad,120,2600,775,869,2264,1490,8102.593743750998
1.618,1.0,0.7,1.412,Asphodelos Staff (DH+DH),Manalist Hat of Casting (DH+DH),Augmented Radiant's Mail of Casting (SS+SS),Augmented Radiant's Gloves of Casting (Crit+DH),Abyssos Culottes of Casting (),Asphodelos Gaiters of Casting (SS+Crit),Asphodelos Earrings of Casting (SS+Crit),Asphodelos Necklace of Casting (DH+DH),Augmented Radiant's Bracelet of Casting (SS+DH),Manalis Ring of Casting (SS),Asphodelos Ring of Casting (SS+SS),Piennolo Tomato Salad,120,2588,1859,1064,607,2075,8100.3447702375
6400.0,0.0,80.0,1.0,Augmented Lunar Envoy's Staff (),Abyssos Helm of Casting (),Augmented Lunar Envoy's Justaucorps of Casting (),Manalis Dress Gloves of Casting (SS+DH),Abyssos Culottes of Casting (),Augmented Lunar Envoy's Boots of Casting (),Asphodelos Earrings of Casting (Det+Det),Asphodelos Necklace of Casting (DH+DH),Rinascita Bracelet of Casting (),Manalis Ring of Casting (SS),Asphodelos Ring of Casting (SS+SS),Melon Pie,120,2610,1999,804,1006,1446,8097.329579216
1000.0,1.0,1000000.0,0.0,Augmented Lunar Envoy's Staff (),Augmented Radiant's Visor of Casting (Det+Det),Manalis Coat of Casting (DH+DH),Asphodelos Wristbands of Casting (Det+Det),Manalis Trousers of Casting (DH+DH),Manalis Boots of Casting (Crit+Crit),Abyssos Earrings of Casting (),Augmented Lunar Envoy's Necklace of Casting (),Asphodelos Amulet of Casting (Det+Det),Asphodelos Ring of Casting (SS+SS),Manalis Ring of Casting (SS),Piennolo Tomato Salad,120,2604,1100,995,2217,1112,8094.585561920001
1000000.0,1000.0,0.0,1.0,Augmented Lunar Envoy's Staff (),Abyssos Helm of Casting (),Augmented Lunar Envoy's Justaucorps of Casting (),Augmented Radiant's Gloves of Casting (DH+DH),Abyssos Culottes of Casting (),Augmented Radiant's Greaves of Casting (DH+DH),Asphodelos Earrings of Casting (Crit+Crit),Asphodelos Necklace of Casting (DH+DH),Rinascita Bracelet of Casting (),Manalis Ring of Casting (SS),Asphodelos Ring of Casting (SS+SS),Piennolo Tomato Salad,120,2600,2085,761,876,1555,8089.405969792
1.412,1.0,1.618,0.7,Augmented Lunar Envoy's Staff (),Asphodelos Headgear of Casting (Det+Det),Manalis Coat of Casting (DH+DH),Asphodelos Wristbands of Casting (Det+DH),Manalis Trousers of Casting (DH+DH),Augmented Radiant's Greaves of Casting (Det+Det),Augmented Radiant's Earrings of Casting (DH+DH),Augmented Radiant's Choker of Casting (DH+DH),Augmented Radiant's Bracelet of Casting (Det+Det),Manalis Ring of Casting (SS),Asphodelos Ring of Casting (SS+SS),Melon Pie,120,2591,1634,1283,2071,652,8084.079209175001
1.0,0.0,1.0,-1.0,Augmented Lunar Envoy's Staff (),Asphodelos Headgear of Casting (Det+DH),Manalis Coat of Casting (DH+DH),Asphodelos Wristbands of Casting (DH+DH),Manalis Trousers of Casting (DH+DH),Asphodelos Gaiters of Casting (Det+Crit),Augmented Radiant's Earrings of Casting (DH+DH),Asphodelos Necklace of Casting (Det+DH),Augmented Radiant's Bracelet of Casting (Det+DH),Manalis Ring of Casting (SS),Asphodelos Ring of Casting (SS+SS),Melon Pie,120,2591,1844,1284,1836,676,8076.697706303
0.0,1.0,1000000.0,1000.0,Augmented Lunar Envoy's Staff (),Augmented Radiant's Visor of Casting (Det+Det),Rinascita Coat of Casting (),Asphodelos Wristbands of Casting (Det+DH),Manalis Trousers of Casting (SS+SS),Manalis Boots of Casting (Det+Det),Abyssos Earrings of Casting (),Augmented Lunar Envoy's Necklace of Casting (),Asphodelos Amulet of Casting (Det+Det),Asphodelos Ring of Casting (SS+SS),Manalis Ring of Casting (SS),Piennolo Tomato Salad,120,2604,811,923,2253,1365,8075.956992762501
0.0,1000.0,1000000.0,1.0,Augmented Lunar Envoy's Staff (),Augmented Radiant's Visor of Casting (Det+Det),Manalis Coat of Casting (Crit+Crit),Manalis Dress Gloves of Casting (SS+SS),Manalis Trousers of Casting (Crit+Crit),Manalis Boots of Casting (Det+Det),Abyssos Earrings of Casting (),Augmented Lunar Envoy's Necklace of Casting (),Asphodelos Amulet of Casting (Det+Det),Asphodelos Ring of Casting (SS+SS),Manalis Ring of Casting (SS),Melon Pie,120,2609,987,1068,2162,1178,8073.225142399999
0.0,80.0,6400.0,1.0,Augmented Lunar Envoy's Staff (),Augmented Radiant's Visor of Casting (Det+Det),Manalis Coat of Casting (Crit+Crit),Asphodelos Wristbands of Casting (Det+Det),Manalis Trousers of Casting (Crit+Crit),Manalis Boots of Casting (Det+Det),Abyssos Earrings of Casting (),Asphodelos Necklace of Casting (SS+SS),Asphodelos Amulet of Casting (Det+Det),Asphodelos Ring of Casting (SS+SS),Manalis Ring of Casting (SS),Piennolo Tomato Salad,120,2600,1045,1104,2137,1184,8072.503705448001
1000000.0,0.0,1.0,1000.0,Augmented Lunar Envoy's Staff (),Manalist Hat of Casting (Crit+Crit),Augmented Lunar Envoy's Justaucorps of Casting (),Augmented Radiant's Gloves of Casting (DH+DH),Abyssos Culottes of Casting (),Augmented Lunar Envoy's Boots of Casting (),Asphodelos Earrings of Casting (SS+SS),Asphodelos Necklace of Casting (DH+DH),Rinascita Bracelet of Casting (),Manalis Ring of Casting (SS),Asphodelos Ring of Casting (SS+SS),Melon Pie,120,2605,1962,804,934,1545,8067.958065216
0.0,1.0,6400.0,80.0,Augmented Lunar Envoy's Staff (),Augmented Radiant's Visor of Casting (Det+Det),Rinascita Coat of Casting (),Asphodelos Wristbands of Casting (Det+Det),Manalis Trousers of Casting (SS+SS),Manalis Boots of Casting (Det+Det),Abyssos Earrings of Casting (),Augmented Lunar Envoy's Necklace of Casting (),Asphodelos Amulet of Casting (Crit+DH),Asphodelos Ring of Casting (SS+SS),Manalis Ring of Casting (SS),Piennolo Tomato Salad,120,2604,811,959,2228,1365,8067.521649648
-1.0,1.0,0.0,1.0,Asphodelos Staff (Crit+Crit),Manalist Hat of Casting (Crit+Crit),Manalis Coat of Casting (SS+Crit),Manalis Dress Gloves of Casting (SS+SS),Asphodelos Trousers of Casting (Crit+Crit),Manalis Boots of Casting (Crit+Crit),Augmented Radiant's Earrings of Casting (SS+Crit),Augmented Radiant's Choker of Casting (Crit+Crit),Asphodelos Amulet of Casting (Crit+Crit),Asphodelos Ring of Casting (SS+SS),Manalis Ring of Casting (SS),Melon Pie,120,2598,781,1435,1561,1866,8066.07975609
1.0,80.0,6400.0,0.0,Augmented Lunar Envoy's Staff (),Augmented Radiant's Visor of Casting (Det+Det),Manalis Coat of Casting (Crit+Crit),Asphodelos Wristbands of Casting (Det+Det),Manalis Trousers of Casting (Crit+Crit),Asphodelos Gaiters of Casting (SS+Det),Abyssos Earrings of Casting (),Augmented Lunar Envoy's Necklace of Casting (),Asphodelos Amulet of Casting (Det+Det),Asphodelos Ring of Casting (SS+SS),Manalis Ring of Casting (SS),Melon Pie,120,2599,1157,1067,2197,1001,8056.636152000001
1.618,1.412,1.0,0.7,Augmented Lunar Envoy's Staff (),Asphodelos Headgear of Casting (Det+DH),Manalis Coat of Casting (DH+DH),Asphodelos Wristbands of Casting (DH+DH),Manalis Trousers of Casting (DH+DH),Augmented Radiant's Greaves of Casting (Det+DH),Asphodelos Earrings of Casting (Crit+Crit),Asphodelos Necklace of Casting (Det+DH),Augmented Radiant's Bracelet of Casting (Det+DH),Asphodelos Ring of Casting (SS+SS),Manalis Ring of Casting (SS),Melon Pie,120,2591,1886,1393,1709,652,8056.53742982
1000000.0,1.0,0.0,1000.0,Augmented Lunar Envoy's Staff (),Abyssos Helm of Casting (),Augmented Lunar Envoy's Justaucorps of Casting (),Asphodelos Wristbands of Casting (SS+Det),Abyssos Culottes of Casting (),Augmented Lunar Envoy's Boots of Casting (),Asphodelos Earrings of Casting (SS+SS),Asphodelos Necklace of Casting (DH+DH),Rinascita Bracelet of Casting (),Manalis Ring of Casting (SS),Asphodelos Ring of Casting (SS+SS),Piennolo Tomato Salad,120,2605,1924,803,1025,1467,8054.741640264
1.618,1.412,0.7,1.0,Asphodelos Staff (DH+DH),Asphodelos Headgear of Casting (SS+DH),Augmented Radiant's Mail of Casting (Crit+Crit),Manalis Dress Gloves of Casting (DH+DH),Manalis Trousers of Casting (DH+DH),Manalis Boots of Casting (Det+Det),Asphodelos Earrings of Casting (Crit+Crit),Asphodelos Necklace of Casting (SS+DH),Augmented Radiant's Bracelet of Casting (SS+DH),Asphodelos Ring of Casting (SS+SS),Manalis Ring of Casting (SS),Piennolo Tomato Salad,120,2593,1586,1492,1029,1583,8048.840884708
1.0,80.0,0.0,6400.0,Asphodelos Staff (Crit+Crit),Manalist Hat of Casting (Crit+Crit),Augmented Radiant's Mail of Casting (SS+SS),Manalis Dress Gloves of Casting (SS+SS),Abyssos Culottes of Casting (),Augmented Radiant's Greaves of Casting (SS+Det),Augmented Lunar Envoy's Earring of Casting (),Augmented Radiant's Choker of Casting (SS+SS),Augmented Lunar Envoy's Bracelets of Casting (),Asphodelos Ring of Casting (SS+SS),Manalis Ring of Casting (SS),Piennolo Tomato Salad,120,2601,1138,1148,950,2187,8039.50342448
1.0,1000.0,1000000.0,0.0,Asphodelos Staff (Det+DH),Augmented Radiant's Visor of Casting (Det+Det),Manalis Coat of Casting (Crit+Crit),Asphodelos Wristbands of Casting (Det+Det),Manalis Trousers of Casting (Crit+Crit),Manalis Boots of Casting (Det+Det),Abyssos Earrings of Casting (),Augmented Lunar Envoy's Necklace of Casting (),Asphodelos Amulet of Casting (Det+Det),Asphodelos Ring of Casting (SS+SS),Manalis Ring of Casting (SS),Piennolo Tomato Salad,120,2604,804,1255,2033,1381,8033.4824388
0.7,1.412,1.0,1.618,Asphodelos Staff (Crit+Crit),Manalist Hat of Casting (Det+Crit),Asphodelos Chiton of Casting (SS+SS),Manalis Dress Gloves of Casting (SS+Det),Asphodelos Trousers of Casting (Crit+Crit),Manalis Boots of Casting (Crit+Crit),Augmented Radiant's Earrings of Casting (SS+DH),Augmented Radiant's Choker of Casting (SS+Crit),Asphodelos Amulet of Casting (Crit+Crit),Asphodelos Ring of Casting (SS+SS),Manalis Ring of Casting (SS),Piennolo Tomato Salad,120,2590,621,1571,1496,2022,8025.01957840425
1.0,0.0,1000000.0,1000.0,Augmented Lunar Envoy's Staff (),Augmented Radiant's Visor of Casting (Det+Det),Rinascita Coat of Casting (),Asphodelos Wristbands of Casting (Det+Det),Manalis Trousers of Casting (SS+SS),Augmented Radiant's Greaves of Casting (SS+DH),Abyssos Earrings of Casting (),Augmented Lunar Envoy's Necklace of Casting (),Asphodelos Amulet of Casting (Det+Det),Asphodelos Ring of Casting (SS+SS),Manalis Ring of Casting (SS),Piennolo Tomato Salad,120,2599,924,1085,2103,1238,8009.554598954999
0.0,1000.0,1.0,1000000.0,Asphodelos Staff (Crit+Crit),Manalist Hat of Casting (Crit+Crit),Asphodelos Chiton of Casting (SS+Det),Manalis Dress Gloves of Casting (SS+SS),Abyssos Culottes of Casting (),Manalis Boots of Casting (Crit+Crit),Augmented Lunar Envoy's Earring of Casting (),Augmented Radiant's Choker of Casting (SS+SS),Augmented Lunar Envoy's Bracelets of Casting (),Asphodelos Ring of Casting (SS+SS),Manalis Ring of Casting (SS),Piennolo Tomato Salad,120,2606,768,1315,1244,2098,8008.581496485999
0.7,1.618,1.412,1.0,Asphodelos Staff (Crit+Crit),Manalist Hat of Casting (Det+Crit),Augmented Radiant's Mail of Casting (Det+Det),Asphodelos Wristbands of Casting (SS+Det),Manalis Trousers of Casting (Crit+Crit),Augmented Radiant's Greaves of Casting (Det+Det),Augmented Radiant's Earrings of Casting (SS+Crit),Augmented Radiant's Choker of Casting (Crit+Crit),Augmented Radiant's Bracelet of Casting (Det+Det),Manalis Ring of Casting (SS),Asphodelos Ring of Casting (SS+SS),Melon Pie,120,2588,1085,1711,1579,1336,8001.674740192001
0.7,1.412,1.618,1.0,Asphodelos Staff (Det+Det),Augmented Radiant's Visor of Casting (Det+Crit),Asphodelos Chiton of Casting (Det+Det),Asphodelos Wristbands of Casting (SS+Det),Manalis Trousers of Casting (Crit+Crit),Manalis Boots of Casting (Det+Crit),Augmented Radiant's Earrings of Casting (SS+Crit),Asphodelos Necklace of Casting (SS+Det),Asphodelos Amulet of Casting (Det+Crit),Augmented Radiant's Ring of Casting (SS+SS),Manalis Ring of Casting (SS),Melon Pie,120,2588,777,1747,1857,1337,7992.8913801257495
1.412,1.618,0.7,1.0,Asphodelos Staff (Crit+Crit),Asphodelos Headgear of Casting (SS+DH),Augmented Radiant's Mail of Casting (Crit+Crit),Augmented Radiant's Gloves of Casting (Det+DH),Manalis Trousers of Casting (Crit+Crit),Augmented Radiant's Greaves of Casting (SS+DH),Asphodelos Earrings of Casting (Crit+Crit),Asphodelos Necklace of Casting (SS+DH),Augmented Radiant's Bracelet of Casting (SS+DH),Asphodelos Ring of Casting (SS+SS),Manalis Ring of Casting (SS),Melon Pie,120,2583,1707,1635,960,1407,7991.0898496
1.0,1.412,0.7,1.618,Asphodelos Staff (Crit+Crit),Manalist Hat of Casting (Crit+DH),Augmented Radiant's Mail of Casting (SS+SS),Rinascita Armguards of Casting (),Asphodelos Trousers of Casting (Crit+Crit),Augmented Radiant's Greaves of Casting (SS+SS),Asphodelos Earrings of Casting (SS+Crit),Asphodelos Necklace of Casting (SS+SS),Augmented Radiant's Bracelet of Casting (SS+SS),Manalis Ring of Casting (SS),Asphodelos Ring of Casting (SS+SS),Piennolo Tomato Salad,120,2585,1412,1497,787,1942,7989.937868825
0.7,1.618,1.0,1.412,Asphodelos Staff (Crit+Crit),Manalist Hat of Casting (Det+Crit),Asphodelos Chiton of Casting (SS+SS),Manalis Dress Gloves of Casting (SS+Det),Manalis Trousers of Casting (Crit+Crit),Manalis Boots of Casting (Det+Det),Augmented Radiant's Earrings of Casting (SS+Crit),Asphodelos Necklace of Casting (SS+SS),Asphodelos Amulet of Casting (Crit+Crit),Manalis Ring of Casting (SS),Asphodelos Ring of Casting (SS+SS),Piennolo Tomato Salad,120,2598,676,1807,1497,1712,7983.992853985999
0.0,1.0,-1.0,1.0,Asphodelos Staff (Crit+Crit),Manalist Hat of Casting (Crit+Crit),Augmented Radiant's Mail of Casting (Crit+Crit),Manalis Dress Gloves of Casting (SS+SS),Manalis Trousers of Casting (SS+SS),Augmented Radiant's Greaves of Casting (SS+SS),Asphodelos Earrings of Casting (Crit+Crit),Asphodelos Necklace of Casting (SS+SS),Augmented Radiant's Bracelet of Casting (SS+SS),Manalis Ring of Casting (SS),Asphodelos Ring of Casting (SS+SS),Piennolo Tomato Salad,120,2593,1262,1727,866,1812,7983.012251606001
1.0,1.618,0.7,1.412,Asphodelos Staff (Crit+Crit),Manalist Hat of Casting (Crit+DH),Asphodelos Chiton of Casting (SS+SS),Manalis Dress Gloves of Casting (SS+DH),Asphodelos Trousers of Casting (Crit+Crit),Augmented Radiant's Greaves of Casting (SS+SS),Asphodelos Earrings of Casting (Crit+Crit),Asphodelos Necklace of Casting (SS+SS),Asphodelos Amulet of Casting (Det+Det),Manalis Ring of Casting (SS),Augmented Radiant's Ring of Casting (SS+SS),Piennolo Tomato Salad,120,2585,1077,1790,967,1876,7961.96252058
1.0,1.618,1.412,0.7,Asphodelos Staff (DH+DH),Asphodelos Headgear of Casting (Det+Det),Asphodelos Chiton of Casting (Det+Det),Asphodelos Wristbands of Casting (Det+DH),Manalis Trousers of Casting (Crit+Crit),Augmented Radiant's Greaves of Casting (Det+Det),Augmented Radiant's Earrings of Casting (Crit+DH),Asphodelos Necklace of Casting (Det+Det),Augmented Radiant's Bracelet of Casting (Det+Det),Manalis Ring of Casting (SS),Asphodelos Ring of Casting (SS+SS),Melon Pie,120,2583,1174,1963,1740,832,7924.891493376001
1.0,1.412,1.618,0.7,Augmented Lunar Envoy's Staff (),Asphodelos Headgear of Casting (Det+Det),Asphodelos Chiton of Casting (Det+Det),Asphodelos Wristbands of Casting (Det+DH),Manalis Trousers of Casting (Crit+Crit),Augmented Radiant's Greaves of Casting (DH+DH),Augmented Radiant's Earrings of Casting (Crit+DH),Asphodelos Necklace of Casting (Det+Det),Augmented Radiant's Bracelet of Casting (Det+Det),Manalis Ring of Casting (SS),Asphodelos Ring of Casting (SS+SS),Melon Pie,120,2583,1339,1775,1937,563,7906.230147104
0.0,1.0,1.0,-1.0,Augmented Lunar Envoy's Staff (),Augmented Lunar Envoy's Hairpin of Casting (),Asphodelos Chiton of Casting (Det+Det),Manalis Dress Gloves of Casting (SS+DH),Manalis Trousers of Casting (Crit+Crit),Augmented Radiant's Greaves of Casting (Det+Det),Augmented Radiant's Earrings of Casting (Crit+Crit),Augmented Lunar Envoy's Necklace of Casting (),Augmented Radiant's Bracelet of Casting (Det+Det),Manalis Ring of Casting (SS),Augmented Radiant's Ring of Casting (SS+SS),Melon Pie,120,2597,1141,1869,1832,658,7881.113518992001
1.412,1.618,1.0,0.7,Asphodelos Staff (Crit+Crit),Rinascita Hood of Casting (),Asphodelos Chiton of Casting (DH+DH),Asphodelos Wristbands of Casting (DH+DH),Manalis Trousers of Casting (Crit+Crit),Augmented Radiant's Greaves of Casting (Det+DH),Augmented Radiant's Earrings of Casting (Crit+DH),Asphodelos Necklace of Casting (Det+DH),Augmented Radiant's Bracelet of Casting (Det+DH),Manalis Ring of Casting (SS),Augmented Radiant's Ring of Casting (SS+SS),Melon Pie,120,2588,1408,2163,1325,777,7879.8006191187515
1.0,1000000.0,0.0,1000.0,Windswept Rod (),Manalist Hat of Casting (Crit+Crit),Abyssos Surcoat of Casting (),Manalis Dress Gloves of Casting (SS+SS),Manalis Trousers of Casting (Crit+Crit),Augmented Radiant's Greaves of Casting (SS+SS),Asphodelos Earrings of Casting (SS+Det),Asphodelos Necklace of Casting (SS+SS),Abyssos Amulet of Casting (),Manalis Ring of Casting (SS),Asphodelos Ring of Casting (SS+SS),Piennolo Tomato Salad,120,2605,1006,1925,1083,1443,7873.655984375
1.0,6400.0,0.0,80.0,Windswept Rod (),Manalist Hat of Casting (Crit+Crit),Abyssos Surcoat of Casting (),Manalis Dress Gloves of Casting (SS+SS),Manalis Trousers of Casting (Crit+Crit),Augmented Radiant's Greaves of Casting (SS+SS),Asphodelos Earrings of Casting (SS+Crit),Asphodelos Necklace of Casting (SS+SS),Abyssos Amulet of Casting (),Manalis Ring of Casting (SS),Asphodelos Ring of Casting (SS+SS),Piennolo Tomato Salad,120,2605,1006,1961,1047,1443,7863.523138299999
1.0,1.0,0.0,-1.0,Augmented Lunar Envoy's Staff (),Asphodelos Headgear of Casting (DH+DH),Asphodelos Chiton of Casting (DH+DH),Asphodelos Wristbands of Casting (Det+DH),Manalis Trousers of Casting (DH+DH),Augmented Radiant's Greaves of Casting (DH+DH),Rinascita Earring of Casting (),Asphodelos Necklace of Casting (DH+DH),Augmented Radiant's Bracelet of Casting (DH+DH),Asphodelos Ring of Casting (SS+SS),Manalis Ring of Casting (SS),Melon Pie,120,2587,1662,1707,1522,563,7855.0460022937505
1.0,1.0,-1.0,0.0,Windswept Rod (),Asphodelos Headgear of Casting (DH+DH),Augmented Radiant's Mail of Casting (Crit+Crit),Rinascita Armguards of Casting (),Abyssos Culottes of Casting (),Augmented Radiant's Greaves of Casting (DH+DH),Rinascita Earring of Casting (),Asphodelos Necklace of Casting (DH+DH),Asphodelos Amulet of Casting (Det+DH),Asphodelos Ring of Casting (SS+SS),Manalis Ring of Casting (SS),Piennolo Tomato Salad,120,2592,1716,1484,732,1414,7853.16662208
-1.0,1.0,1.0,0.0,Windswept Rod (),Augmented Lunar Envoy's Hairpin of Casting (),Asphodelos Chiton of Casting (Det+Det),Asphodelos Wristbands of Casting (Det+Det),Manalis Trousers of Casting (Crit+Crit),Manalis Boots of Casting (Crit+Crit),Augmented Radiant's Earrings of Casting (Crit+Crit),Augmented Lunar Envoy's Necklace of Casting (),Asphodelos Amulet of Casting (Det+Crit),Asphodelos Ring of Casting (SS+SS),Manalis Ring of Casting (SS),Piennolo Tomato Salad,120,2597,581,1829,1889,1138,7833.97472
0.0,6400.0,1.0,80.0,Windswept Rod (),Manalist Hat of Casting (Crit+Crit),Asphodelos Chiton of Casting (Det+DH),Manalis Dress Gloves of Casting (SS+SS),Manalis Trousers of Casting (Crit+Crit),Augmented Radiant's Greaves of Casting (SS+SS),Rinascita Earring of Casting (),Asphodelos Necklace of Casting (SS+SS),Abyssos Amulet of Casting (),Manalis Ring of Casting (SS),Asphodelos Ring of Casting (SS+SS),Melon Pie,120,2601,1041,2052,1140,1221,7826.335913497499
0.0,6400.0,80.0,1.0,Windswept Rod (),Augmented Lunar Envoy's Hairpin of Casting (),Abyssos Surcoat of Casting (),Abyssos Armguards of Casting (),Manalis Trousers of Casting (Crit+Crit),Augmented Radiant's Greaves of Casting (Det+Det),Asphodelos Earrings of Casting (Det+Det),Asphodelos Necklace of Casting (Det+Det),Abyssos Amulet of Casting (),Manalis Ring of Casting (SS),Asphodelos Ring of Casting (SS+SS),Melon Pie,120,2605,1042,1925,1549,840,7810.585818749999
0.0,1000000.0,1000.0,1.0,Asphodelos Staff (Det+Crit),Augmented Lunar Envoy's Hairpin of Casting (),Abyssos Surcoat of Casting (),Abyssos Armguards of Casting (),Manalis Trousers of Casting (Crit+Crit),Augmented Radiant's Greaves of Casting (Det+Det),Rinascita Earring of Casting (),Asphodelos Necklace of Casting (Det+Det),Abyssos Amulet of Casting (),Manalis Ring of Casting (SS),Asphodelos Ring of Casting (SS+SS),Melon Pie,120,2609,1002,2009,1513,832,7809.0212942935
1.0,1000000.0,1000.0,0.0,Asphodelos Staff (Crit+Crit),Augmented Lunar Envoy's Hairpin of Casting (),Abyssos Surcoat of Casting (),Abyssos Armguards of Casting (),Manalis Trousers of Casting (Crit+Crit),Augmented Radiant's Greaves of Casting (Det+Det),Rinascita Earring of Casting (),Asphodelos Necklace of Casting (Det+Det),Abyssos Amulet of Casting (),Manalis Ring of Casting (SS),Asphodelos Ring of Casting (SS+SS),Melon Pie,120,2609,1002,2045,1477,832,7805.7648991490005
0.0,1000000.0,1.0,1000.0,Windswept Rod (),Asphodelos Headgear of Casting (DH+DH),Abyssos Surcoat of Casting (),Manalis Dress Gloves of Casting (SS+SS),Manalis Trousers of Casting (Crit+Crit),Augmented Radiant's Greaves of Casting (SS+SS),Rinascita Earring of Casting (),Asphodelos Necklace of Casting (SS+SS),Abyssos Amulet of Casting (),Manalis Ring of Casting (SS),Asphodelos Ring of Casting (SS+SS),Melon Pie,120,2604,1170,2053,1105,1058,7798.021502880001
1000.0,1000000.0,0.0,1.0,Windswept Rod (),Rinascita Hood of Casting (),Abyssos Surcoat of Casting (),Rinascita Armguards of Casting (),Manalis Trousers of Casting (Crit+Crit),Manalis Boots of Casting (Det+DH),Rinascita Earring of Casting (),Asphodelos Necklace of Casting (DH+DH),Abyssos Amulet of Casting (),Manalis Ring of Casting (SS),Asphodelos Ring of Casting (SS+SS),Piennolo Tomato Salad,120,2614,1158,1892,1197,1005,7789.8103678355
80.0,6400.0,0.0,1.0,Windswept Rod (),Rinascita Hood of Casting (),Augmented Lunar Envoy's Justaucorps of Casting (),Rinascita Armguards of Casting (),Manalis Trousers of Casting (Crit+Crit),Augmented Radiant's Greaves of Casting (DH+DH),Rinascita Earring of Casting (),Asphodelos Necklace of Casting (DH+DH),Abyssos Amulet of Casting (),Manalis Ring of Casting (SS),Asphodelos Ring of Casting (SS+SS),Melon Pie,120,2609,1582,1795,924,932,7786.701523743999
1.0,6400.0,80.0,0.0,Windswept Rod (),Augmented Lunar Envoy's Hairpin of Casting (),Abyssos Surcoat of Casting (),Abyssos Armguards of Casting (),Manalis Trousers of Casting (Crit+Crit),Augmented Radiant's Greaves of Casting (Det+Det),Rinascita Earring of Casting (),Asphodelos Necklace of Casting (Det+Det),Abyssos Amulet of Casting (),Manalis Ring of Casting (SS),Asphodelos Ring of Casting (SS+SS),Melon Pie,120,2609,1002,2054,1477,751,7774.0213056640005
80.0,6400.0,1.0,0.0,Windswept Rod (),Rinascita Hood of Casting (),Abyssos Surcoat of Casting (),Rinascita Armguards of Casting (),Manalis Trousers of Casting (Crit+Crit),Augmented Radiant's Greaves of Casting (DH+DH),Augmented Lunar Envoy's Earring of Casting (),Asphodelos Necklace of Casting (DH+DH),Abyssos Amulet of Casting (),Manalis Ring of Casting (SS),Asphodelos Ring of Casting (SS+SS),Melon Pie,120,2609,1233,1925,1195,880,7765.654280375
1000.0,1000000.0,1.0,0.0,Windswept Rod (),Rinascita Hood of Casting (),Abyssos Surcoat of Casting (),Asphodelos Wristbands of Casting (SS+Det),Manalis Trousers of Casting (Crit+Crit),Augmented Radiant's Greaves of Casting (DH+DH),Rinascita Earring of Casting (),Asphodelos Necklace of Casting (DH+DH),Abyssos Amulet of Casting (),Manalis Ring of Casting (SS),Asphodelos Ring of Casting (SS+SS),Melon Pie,120,2604,1209,2053,1254,787,7757.9352347839995
6400.0,80.0,1.0,0.0,Windswept Rod (),Asphodelos Headgear of Casting (Det+DH),Augmented Radiant's Mail of Casting (Det+Crit),Augmented Radiant's Gloves of Casting (Crit+DH),Augmented Radiant's Greaves of Casting (DH+DH),Abyssos Boots of Casting (),Asphodelos Earrings of Casting (Det+Crit),Asphodelos Necklace of Casting (Det+DH),Augmented Radiant's Ring of Casting (DH+DH),Manalis Ring of Casting (SS),Asphodelos Ring of Casting (SS+SS),Piennolo Tomato Salad,120,2475,1797,1355,751,1442,7513.405664999999
