"InitialDHWeight","InitialCritWeight","InitialDetWeight","InitialSSWeight","Weapon","Head","Chest","Gloves","Legs","Feet","Ear","Neck","Wrist","Finger.1","Finger.2","Food","WD","Int","DH","Crit","Det","SS","DPS"
0,-1,1,1,"Abyssos Rod (Det+Det)","Abyssos Helm of Casting (Det+SS)","Augmented Lunar Envoy's Justaucorps of Casting (Det+Det)","Augmented Lunar Envoy's Gloves of Casting (Det+Det)","Abyssos Culottes of Casting (Det+Det)","Abyssos Boots of Casting (Det+Det)","Augmented Lunar Envoy's Earring of Casting (DH+Det)","Abyssos Choker of Casting (Det+Det)","Augmented Lunar Envoy's Bracelets of Casting (DH+DH)","Augmented Lunar Envoy's Ring of Casting (Det+SS)","Abyssos Ring of Casting (Det+Det)","Piennolo Tomato Salad","126","2945","1673","737","1287","2287","10340.8640244"
1,0.7,1.618,1.412,"Abyssos Rod (Det+Det)","Abyssos Helm of Casting (Det+Det)","Augmented Lunar Envoy's Justaucorps of Casting (Det+Det)","Augmented Lunar Envoy's Gloves of Casting (Det+Det)","Abyssos Culottes of Casting (Det+Det)","Abyssos Boots of Casting (Det+Det)","Augmented Lunar Envoy's Earring of Casting (DH+Det)","Abyssos Choker of Casting (Det+Det)","Augmented Lunar Envoy's Bracelets of Casting (DH+Det)","Augmented Lunar Envoy's Ring of Casting (Det+SS)","Abyssos Ring of Casting (DH+SS)","Piennolo Tomato Salad","126","2945","1673","737","1287","2287","10340.8640244"
1.412,0.7,1.618,1,"Abyssos Rod (Det+Det)","Abyssos Helm of Casting (Det+Det)","Augmented Lunar Envoy's Justaucorps of Casting (Det+Det)","Augmented Lunar Envoy's Gloves of Casting (Det+Det)","Abyssos Culottes of Casting (Det+Det)","Abyssos Boots of Casting (Det+Det)","Augmented Lunar Envoy's Earring of Casting (DH+Det)","Abyssos Choker of Casting (Det+Det)","Augmented Lunar Envoy's Bracelets of Casting (DH+Det)","Augmented Lunar Envoy's Ring of Casting (Det+SS)","Abyssos Ring of Casting (DH+SS)","Piennolo Tomato Salad","126","2945","1673","737","1287","2287","10340.8640244"
6400,1,80,0,"Abyssos Rod (Det+Det)","Abyssos Helm of Casting (Det+Det)","Augmented Lunar Envoy's Justaucorps of Casting (Det+Det)","Augmented Lunar Envoy's Gloves of Casting (Det+Det)","Abyssos Culottes of Casting (DH+Det)","Abyssos Boots of Casting (Det+Det)","Augmented Lunar Envoy's Earring of Casting (DH+Det)","Abyssos Choker of Casting (DH+Det)","Augmented Lunar Envoy's Bracelets of Casting (DH+Det)","Augmented Lunar Envoy's Ring of Casting (SS+SS)","Abyssos Ring of Casting (DH+DH)","Piennolo Tomato Salad","126","2945","1781","737","1179","2287","10335.5653413938"
6400,0,80,1,"Abyssos Rod (Det+Det)","Abyssos Helm of Casting (Det+Det)","Augmented Lunar Envoy's Justaucorps of Casting (Det+Det)","Augmented Lunar Envoy's Gloves of Casting (Det+Det)","Abyssos Culottes of Casting (DH+Det)","Abyssos Boots of Casting (Det+Det)","Augmented Lunar Envoy's Earring of Casting (DH+Det)","Abyssos Choker of Casting (DH+Det)","Augmented Lunar Envoy's Bracelets of Casting (DH+Det)","Augmented Lunar Envoy's Ring of Casting (SS+SS)","Abyssos Ring of Casting (DH+DH)","Piennolo Tomato Salad","126","2945","1781","737","1179","2287","10335.5653413938"
1e+06,1,1000,0,"Abyssos Rod (Det+Det)","Abyssos Helm of Casting (Det+Det)","Augmented Lunar Envoy's Justaucorps of Casting (Det+Det)","Augmented Lunar Envoy's Gloves of Casting (Det+Det)","Abyssos Culottes of Casting (DH+DH)","Abyssos Boots of Casting (Det+Det)","Augmented Lunar Envoy's Earring of Casting (DH+Det)","Abyssos Choker of Casting (DH+Det)","Augmented Lunar Envoy's Bracelets of Casting (DH+Det)","Augmented Lunar Envoy's Ring of Casting (SS+SS)","Abyssos Ring of Casting (DH+Det)","Piennolo Tomato Salad","126","2945","1781","737","1179","2287","10335.5653413938"
1e+06,0,1000,1,"Abyssos Rod (Det+Det)","Abyssos Helm of Casting (Det+Det)","Augmented Lunar Envoy's Justaucorps of Casting (Det+Det)","Augmented Lunar Envoy's Gloves of Casting (Det+Det)","Abyssos Culottes of Casting (DH+DH)","Abyssos Boots of Casting (Det+Det)","Augmented Lunar Envoy's Earring of Casting (DH+Det)","Abyssos Choker of Casting (Det+Det)","Augmented Lunar Envoy's Bracelets of Casting (DH+Det)","Augmented Lunar Envoy's Ring of Casting (SS+SS)","Abyssos Ring of Casting (DH+DH)","Piennolo Tomato Salad","126","2945","1781","737","1179","2287","10335.5653413938"
1.618,0.7,1,1.412,"Abyssos Rod (Det+Det)","Abyssos Helm of Casting (Det+SS)","Augmented Lunar Envoy's Justaucorps of Casting (Det+Det)","Augmented Lunar Envoy's Gloves of Casting (DH+Det)","Abyssos Culottes of Casting (Det+Det)","Abyssos Boots of Casting (Det+Det)","Augmented Lunar Envoy's Earring of Casting (DH+Det)","Abyssos Choker of Casting (DH+Det)","Augmented Lunar Envoy's Bracelets of Casting (DH+DH)","Augmented Lunar Envoy's Ring of Casting (Det+SS)","Abyssos Ring of Casting (DH+Det)","Piennolo Tomato Salad","126","2945","1781","737","1179","2287","10335.5653413938"
1,1.412,0.7,1.618,"Abyssos Rod (Det+Det)","Abyssos Helm of Casting (Det+Det)","Augmented Lunar Envoy's Justaucorps of Casting (Det+Det)","Augmented Lunar Envoy's Gloves of Casting (Det+Det)","Abyssos Culottes of Casting (Det+Det)","Abyssos Boots of Casting (DH+Det)","Augmented Lunar Envoy's Earring of Casting (DH+DH)","Abyssos Choker of Casting (DH+Det)","Augmented Lunar Envoy's Bracelets of Casting (DH+DH)","Abyssos Ring of Casting (Det+Det)","Augmented Lunar Envoy's Ring of Casting (SS+SS)","Piennolo Tomato Salad","126","2945","1781","737","1179","2287","10335.5653413938"
1,0.7,1.412,1.618,"Abyssos Rod (Det+Det)","Abyssos Helm of Casting (Det+SS)","Augmented Lunar Envoy's Justaucorps of Casting (SS+SS)","Augmented Lunar Envoy's Gloves of Casting (Det+Det)","Abyssos Culottes of Casting (Det+Det)","Abyssos Boots of Casting (Det+Det)","Augmented Lunar Envoy's Earring of Casting (DH+Det)","Abyssos Choker of Casting (Det+Det)","Augmented Lunar Envoy's Bracelets of Casting (DH+Det)","Augmented Lunar Envoy's Ring of Casting (SS+SS)","Abyssos Ring of Casting (Det+Det)","Melon Pie","126","2945","1676","737","1273","2298","10331.9050788875"
0.7,1,1.412,1.618,"Abyssos Rod (Det+Det)","Abyssos Helm of Casting (Det+Det)","Augmented Lunar Envoy's Justaucorps of Casting (SS+SS)","Augmented Lunar Envoy's Gloves of Casting (Det+Det)","Abyssos Culottes of Casting (Det+Det)","Abyssos Boots of Casting (Det+Det)","Augmented Lunar Envoy's Earring of Casting (DH+Det)","Abyssos Choker of Casting (Det+Det)","Augmented Lunar Envoy's Bracelets of Casting (DH+Det)","Abyssos Ring of Casting (Det+SS)","Augmented Lunar Envoy's Ring of Casting (SS+SS)","Melon Pie","126","2945","1676","737","1273","2298","10331.9050788875"
6400,1,0,80,"Abyssos Rod (Det+Det)","Abyssos Helm of Casting (Det+Det)","Augmented Lunar Envoy's Justaucorps of Casting (Det+Det)","Augmented Lunar Envoy's Gloves of Casting (Det+Det)","Abyssos Culottes of Casting (DH+DH)","Abyssos Boots of Casting (DH+Det)","Augmented Lunar Envoy's Earring of Casting (DH+DH)","Abyssos Choker of Casting (Det+Det)","Augmented Lunar Envoy's Bracelets of Casting (DH+DH)","Augmented Lunar Envoy's Ring of Casting (SS+SS)","Abyssos Ring of Casting (DH+DH)","Piennolo Tomato Salad","126","2945","1889","737","1071","2287","10331.4892519125"
6400,0,1,80,"Abyssos Rod (Det+Det)","Abyssos Helm of Casting (Det+Det)","Augmented Lunar Envoy's Justaucorps of Casting (Det+Det)","Augmented Lunar Envoy's Gloves of Casting (DH+Det)","Abyssos Culottes of Casting (DH+DH)","Abyssos Boots of Casting (Det+Det)","Augmented Lunar Envoy's Earring of Casting (DH+DH)","Abyssos Choker of Casting (Det+Det)","Augmented Lunar Envoy's Bracelets of Casting (DH+DH)","Augmented Lunar Envoy's Ring of Casting (SS+SS)","Abyssos Ring of Casting (DH+DH)","Piennolo Tomato Salad","126","2945","1889","737","1071","2287","10331.4892519125"
80,1,0,6400,"Abyssos Rod (DH+DH)","Abyssos Helm of Casting (Det+Det)","Augmented Lunar Envoy's Justaucorps of Casting (Det+Det)","Augmented Lunar Envoy's Gloves of Casting (DH+Det)","Abyssos Culottes of Casting (DH+DH)","Abyssos Boots of Casting (Det+Det)","Augmented Lunar Envoy's Earring of Casting (DH+DH)","Abyssos Choker of Casting (Det+Det)","Augmented Lunar Envoy's Bracelets of Casting (DH+DH)","Abyssos Ring of Casting (Det+Det)","Augmented Lunar Envoy's Ring of Casting (SS+SS)","Piennolo Tomato Salad","126","2945","1889","737","1071","2287","10331.4892519125"
80,0,1,6400,"Abyssos Rod (DH+DH)","Abyssos Helm of Casting (Det+Det)","Augmented Lunar Envoy's Justaucorps of Casting (Det+Det)","Augmented Lunar Envoy's Gloves of Casting (Det+Det)","Abyssos Culottes of Casting (DH+DH)","Abyssos Boots of Casting (DH+Det)","Augmented Lunar Envoy's Earring of Casting (DH+DH)","Abyssos Choker of Casting (Det+Det)","Augmented Lunar Envoy's Bracelets of Casting (DH+DH)","Abyssos Ring of Casting (Det+Det)","Augmented Lunar Envoy's Ring of Casting (SS+SS)","Piennolo Tomato Salad","126","2945","1889","737","1071","2287","10331.4892519125"
1,-1,1,0,"Abyssos Rod (Det+Det)","Abyssos Helm of Casting (Det+Det)","Augmented Lunar Envoy's Justaucorps of Casting (Det+Det)","Augmented Lunar Envoy's Gloves of Casting (DH+Det)","Abyssos Culottes of Casting (DH+DH)","Abyssos Boots of Casting (DH+Det)","Augmented Lunar Envoy's Earring of Casting (DH+DH)","Abyssos Choker of Casting (DH+Det)","Augmented Lunar Envoy's Bracelets of Casting (DH+DH)","Augmented Lunar Envoy's Ring of Casting (SS+SS)","Abyssos Ring of Casting (Det+Det)","Piennolo Tomato Salad","126","2945","1889","737","1071","2287","10331.4892519125"
1,-1,0,1,"Abyssos Rod (Det+Det)","Abyssos Helm of Casting (Det+Det)","Augmented Lunar Envoy's Justaucorps of Casting (Det+Det)","Augmented Lunar Envoy's Gloves of Casting (DH+Det)","Abyssos Culottes of Casting (DH+DH)","Abyssos Boots of Casting (Det+Det)","Augmented Lunar Envoy's Earring of Casting (DH+DH)","Abyssos Choker of Casting (Det+Det)","Augmented Lunar Envoy's Bracelets of Casting (DH+DH)","Augmented Lunar Envoy's Ring of Casting (SS+SS)","Abyssos Ring of Casting (DH+DH)","Piennolo Tomato Salad","126","2945","1889","737","1071","2287","10331.4892519125"
1,1,-1,0,"Abyssos Rod (DH+DH)","Abyssos Helm of Casting (Det+Det)","Augmented Lunar Envoy's Justaucorps of Casting (Det+Det)","Augmented Lunar Envoy's Gloves of Casting (Det+Det)","Abyssos Culottes of Casting (DH+DH)","Abyssos Boots of Casting (Det+Det)","Augmented Lunar Envoy's Earring of Casting (DH+Det)","Abyssos Choker of Casting (DH+Det)","Augmented Lunar Envoy's Bracelets of Casting (DH+Det)","Abyssos Ring of Casting (DH+DH)","Augmented Lunar Envoy's Ring of Casting (SS+SS)","Piennolo Tomato Salad","126","2945","1889","737","1071","2287","10331.4892519125"
1e+06,1,0,1000,"Abyssos Rod (Det+Det)","Abyssos Helm of Casting (Det+Det)","Augmented Lunar Envoy's Justaucorps of Casting (Det+Det)","Augmented Lunar Envoy's Gloves of Casting (DH+Det)","Abyssos Culottes of Casting (DH+DH)","Abyssos Boots of Casting (Det+Det)","Augmented Lunar Envoy's Earring of Casting (DH+DH)","Abyssos Choker of Casting (Det+Det)","Augmented Lunar Envoy's Bracelets of Casting (DH+DH)","Augmented Lunar Envoy's Ring of Casting (SS+SS)","Abyssos Ring of Casting (DH+DH)","Piennolo Tomato Salad","126","2945","1889","737","1071","2287","10331.4892519125"
1e+06,0,1,1000,"Abyssos Rod (Det+Det)","Abyssos Helm of Casting (Det+Det)","Augmented Lunar Envoy's Justaucorps of Casting (Det+Det)","Augmented Lunar Envoy's Gloves of Casting (Det+Det)","Abyssos Culottes of Casting (DH+DH)","Abyssos Boots of Casting (DH+Det)","Augmented Lunar Envoy's Earring of Casting (DH+DH)","Abyssos Choker of Casting (Det+Det)","Augmented Lunar Envoy's Bracelets of Casting (DH+DH)","Augmented Lunar Envoy's Ring of Casting (SS+SS)","Abyssos Ring of Casting (DH+DH)","Piennolo Tomato Salad","126","2945","1889","737","1071","2287","10331.4892519125"
1000,1,0,1e+06,"Abyssos Rod (DH+DH)","Abyssos Helm of Casting (Det+Det)","Augmented Lunar Envoy's Justaucorps of Casting (Det+Det)","Augmented Lunar Envoy's Gloves of Casting (DH+Det)","Abyssos Culottes of Casting (DH+DH)","Abyssos Boots of Casting (Det+Det)","Augmented Lunar Envoy's Earring of Casting (DH+DH)","Abyssos Choker of Casting (Det+Det)","Augmented Lunar Envoy's Bracelets of Casting (DH+DH)","Abyssos Ring of Casting (Det+Det)","Augmented Lunar Envoy's Ring of Casting (SS+SS)","Piennolo Tomato Salad","126","2945","1889","737","1071","2287","10331.4892519125"
1000,0,1,1e+06,"Abyssos Rod (DH+DH)","Abyssos Helm of Casting (Det+Det)","Augmented Lunar Envoy's Justaucorps of Casting (Det+Det)","Augmented Lunar Envoy's Gloves of Casting (Det+Det)","Abyssos Culottes of Casting (DH+DH)","Abyssos Boots of Casting (DH+Det)","Augmented Lunar Envoy's Earring of Casting (DH+DH)","Abyssos Choker of Casting (Det+Det)","Augmented Lunar Envoy's Bracelets of Casting (DH+DH)","Abyssos Ring of Casting (Det+Det)","Augmented Lunar Envoy's Ring of Casting (SS+SS)","Piennolo Tomato Salad","126","2945","1889","737","1071","2287","10331.4892519125"
1.618,1,0.7,1.412,"Abyssos Rod (Det+Det)","Abyssos Helm of Casting (Det+Det)","Augmented Lunar Envoy's Justaucorps of Casting (Det+Det)","Augmented Lunar Envoy's Gloves of Casting (Det+Det)","Abyssos Culottes of Casting (DH+DH)","Abyssos Boots of Casting (DH+Det)","Augmented Lunar Envoy's Earring of Casting (DH+DH)","Abyssos Choker of Casting (Det+Det)","Augmented Lunar Envoy's Bracelets of Casting (DH+DH)","Augmented Lunar Envoy's Ring of Casting (SS+SS)","Abyssos Ring of Casting (DH+DH)","Piennolo Tomato Salad","126","2945","1889","737","1071","2287","10331.4892519125"
1.618,0.7,1.412,1,"Abyssos Rod (Det+Det)","Abyssos Helm of Casting (Det+Det)","Augmented Lunar Envoy's Justaucorps of Casting (Det+Det)","Augmented Lunar Envoy's Gloves of Casting (DH+Det)","Abyssos Culottes of Casting (DH+DH)","Abyssos Boots of Casting (DH+Det)","Augmented Lunar Envoy's Earring of Casting (DH+DH)","Abyssos Choker of Casting (DH+Det)","Augmented Lunar Envoy's Bracelets of Casting (DH+DH)","Augmented Lunar Envoy's Ring of Casting (Det+SS)","Abyssos Ring of Casting (Det+SS)","Piennolo Tomato Salad","126","2945","1889","737","1071","2287","10331.4892519125"
1,0,80,6400,"Abyssos Rod (Det+Det)","Abyssos Helm of Casting (Det+SS)","Augmented Lunar Envoy's Justaucorps of Casting (SS+SS)","Augmented Lunar Envoy's Gloves of Casting (Det+Det)","Abyssos Culottes of Casting (Det+Det)","Abyssos Boots of Casting (Det+Det)","Augmented Lunar Envoy's Earring of Casting (DH+DH)","Abyssos Choker of Casting (Det+Det)","Augmented Lunar Envoy's Bracelets of Casting (DH+DH)","Abyssos Ring of Casting (DH+Det)","Augmented Lunar Envoy's Ring of Casting (SS+SS)","Melon Pie","126","2945","1784","737","1165","2298","10327.648815"
0,1,80,6400,"Abyssos Rod (Det+Det)","Abyssos Helm of Casting (Det+SS)","Augmented Lunar Envoy's Justaucorps of Casting (SS+SS)","Augmented Lunar Envoy's Gloves of Casting (Det+Det)","Abyssos Culottes of Casting (Det+Det)","Abyssos Boots of Casting (Det+Det)","Augmented Lunar Envoy's Earring of Casting (DH+DH)","Abyssos Choker of Casting (Det+Det)","Augmented Lunar Envoy's Bracelets of Casting (DH+DH)","Abyssos Ring of Casting (DH+Det)","Augmented Lunar Envoy's Ring of Casting (SS+SS)","Melon Pie","126","2945","1784","737","1165","2298","10327.648815"
1,0,-1,1,"Abyssos Rod (DH+DH)","Abyssos Helm of Casting (Det+SS)","Augmented Lunar Envoy's Justaucorps of Casting (SS+SS)","Augmented Lunar Envoy's Gloves of Casting (Det+Det)","Abyssos Culottes of Casting (Det+Det)","Abyssos Boots of Casting (Det+Det)","Augmented Lunar Envoy's Earring of Casting (DH+DH)","Abyssos Choker of Casting (Det+Det)","Augmented Lunar Envoy's Bracelets of Casting (DH+Det)","Abyssos Ring of Casting (Det+Det)","Augmented Lunar Envoy's Ring of Casting (SS+SS)","Melon Pie","126","2945","1784","737","1165","2298","10327.648815"
1,0,1000,1e+06,"Abyssos Rod (Det+Det)","Abyssos Helm of Casting (Det+SS)","Augmented Lunar Envoy's Justaucorps of Casting (SS+SS)","Augmented Lunar Envoy's Gloves of Casting (Det+Det)","Abyssos Culottes of Casting (Det+Det)","Abyssos Boots of Casting (Det+Det)","Augmented Lunar Envoy's Earring of Casting (DH+DH)","Abyssos Choker of Casting (Det+Det)","Augmented Lunar Envoy's Bracelets of Casting (DH+DH)","Abyssos Ring of Casting (DH+Det)","Augmented Lunar Envoy's Ring of Casting (SS+SS)","Melon Pie","126","2945","1784","737","1165","2298","10327.648815"
0,1,1000,1e+06,"Abyssos Rod (Det+Det)","Abyssos Helm of Casting (Det+SS)","Augmented Lunar Envoy's Justaucorps of Casting (SS+SS)","Augmented Lunar Envoy's Gloves of Casting (Det+Det)","Abyssos Culottes of Casting (Det+Det)","Abyssos Boots of Casting (Det+Det)","Augmented Lunar Envoy's Earring of Casting (DH+DH)","Abyssos Choker of Casting (Det+Det)","Augmented Lunar Envoy's Bracelets of Casting (DH+DH)","Abyssos Ring of Casting (DH+Det)","Augmented Lunar Envoy's Ring of Casting (SS+SS)","Melon Pie","126","2945","1784","737","1165","2298","10327.648815"
1.412,0.7,1,1.618,"Abyssos Rod (Det+Det)","Abyssos Helm of Casting (Det+SS)","Augmented Lunar Envoy's Justaucorps of Casting (SS+SS)","Augmented Lunar Envoy's Gloves of Casting (Det+Det)","Abyssos Culottes of Casting (Det+Det)","Abyssos Boots of Casting (DH+Det)","Augmented Lunar Envoy's Earring of Casting (DH+DH)","Abyssos Choker of Casting (Det+Det)","Augmented Lunar Envoy's Bracelets of Casting (DH+DH)","Augmented Lunar Envoy's Ring of Casting (SS+SS)","Abyssos Ring of Casting (Det+Det)","Melon Pie","126","2945","1784","737","1165","2298","10327.648815"
1.412,1,0.7,1.618,"Abyssos Rod (Det+Det)","Abyssos Helm of Casting (Det+SS)","Augmented Lunar Envoy's Justaucorps of Casting (Det+Det)","Augmented Lunar Envoy's Gloves of Casting (Det+Det)","Abyssos Culottes of Casting (DH+DH)","Abyssos Boots of Casting (DH+Det)","Augmented Lunar Envoy's Earring of Casting (DH+Det)","Abyssos Choker of Casting (Det+Det)","Augmented Lunar Envoy's Bracelets of Casting (DH+DH)","Abyssos Ring of Casting (DH+SS)","Augmented Lunar Envoy's Ring of Casting (SS+SS)","Piennolo Tomato Salad","126","2945","1817","737","1071","2359","10327.1121804375"
1,80,0,6400,"Abyssos Rod (DH+DH)","Abyssos Helm of Casting (Det+Det)","Augmented Lunar Envoy's Justaucorps of Casting (SS+SS)","Augmented Lunar Envoy's Gloves of Casting (Det+Det)","Abyssos Culottes of Casting (DH+DH)","Abyssos Boots of Casting (DH+Det)","Augmented Lunar Envoy's Earring of Casting (DH+Det)","Abyssos Choker of Casting (Det+Det)","Augmented Lunar Envoy's Bracelets of Casting (DH+DH)","Abyssos Ring of Casting (Det+Det)","Augmented Lunar Envoy's Ring of Casting (Crit+Det)","Piennolo Tomato Salad","126","2945","1853","773","1071","2287","10326.67205427"
0,80,1,6400,"Abyssos Rod (DH+DH)","Abyssos Helm of Casting (Det+Det)","Augmented Lunar Envoy's Justaucorps of Casting (Crit+Det)","Augmented Lunar Envoy's Gloves of Casting (Det+Det)","Abyssos Culottes of Casting (DH+DH)","Abyssos Boots of Casting (Det+Det)","Augmented Lunar Envoy's Earring of Casting (DH+DH)","Abyssos Choker of Casting (DH+Det)","Augmented Lunar Envoy's Bracelets of Casting (DH+Det)","Abyssos Ring of Casting (Det+Det)","Augmented Lunar Envoy's Ring of Casting (SS+SS)","Piennolo Tomato Salad","126","2945","1853","773","1071","2287","10326.67205427"
1,1000,0,1e+06,"Abyssos Rod (Det+Det)","Abyssos Helm of Casting (Det+Det)","Augmented Lunar Envoy's Justaucorps of Casting (SS+SS)","Augmented Lunar Envoy's Gloves of Casting (DH+Det)","Abyssos Culottes of Casting (DH+DH)","Abyssos Boots of Casting (DH+Det)","Augmented Lunar Envoy's Earring of Casting (DH+DH)","Abyssos Choker of Casting (Det+Det)","Augmented Lunar Envoy's Bracelets of Casting (DH+DH)","Abyssos Ring of Casting (Det+Det)","Augmented Lunar Envoy's Ring of Casting (Crit+Det)","Piennolo Tomato Salad","126","2945","1853","773","1071","2287","10326.67205427"
0,1000,1,1e+06,"Abyssos Rod (DH+DH)","Abyssos Helm of Casting (Det+Det)","Augmented Lunar Envoy's Justaucorps of Casting (SS+SS)","Augmented Lunar Envoy's Gloves of Casting (Det+Det)","Abyssos Culottes of Casting (DH+Det)","Abyssos Boots of Casting (DH+Det)","Augmented Lunar Envoy's Earring of Casting (DH+DH)","Abyssos Choker of Casting (Det+Det)","Augmented Lunar Envoy's Bracelets of Casting (DH+DH)","Abyssos Ring of Casting (Det+Det)","Augmented Lunar Envoy's Ring of Casting (Crit+Det)","Piennolo Tomato Salad","126","2945","1853","773","1071","2287","10326.67205427"
1,0,6400,80,"Abyssos Rod (Crit+Crit)","Augmented Lunar Envoy's Hairpin of Casting (DH+Det)","Abyssos Surcoat of Casting (Det+Det)","Abyssos Armguards of Casting (DH+DH)","Augmented Lunar Envoy's Longkilt of Casting (DH+DH)","Augmented Lunar Envoy's Boots of Casting (Crit+Det)","Abyssos Earrings of Casting (DH+Crit)","Augmented Lunar Envoy's Necklace of Casting (SS+SS)","Abyssos Amulet of Casting (Det+SS)","Augmented Lunar Envoy's Ring of Casting (Crit+Crit)","Abyssos Ring of Casting (DH+DH)","Garlean Pizza","126","2945","1091","2386","1559","948","10306.0055889"
0,1,6400,80,"Abyssos Rod (Crit+Crit)","Augmented Lunar Envoy's Hairpin of Casting (DH+DH)","Abyssos Surcoat of Casting (DH+DH)","Abyssos Armguards of Casting (DH+Det)","Augmented Lunar Envoy's Longkilt of Casting (DH+DH)","Augmented Lunar Envoy's Boots of Casting (Crit+Det)","Abyssos Earrings of Casting (DH+Crit)","Augmented Lunar Envoy's Necklace of Casting (SS+SS)","Abyssos Amulet of Casting (Det+SS)","Augmented Lunar Envoy's Ring of Casting (Crit+Crit)","Abyssos Ring of Casting (Det+Det)","Garlean Pizza","126","2945","1091","2386","1559","948","10306.0055889"
1,0,1e+06,1000,"Abyssos Rod (Crit+Crit)","Augmented Lunar Envoy's Hairpin of Casting (DH+DH)","Abyssos Surcoat of Casting (Det+Det)","Abyssos Armguards of Casting (DH+Det)","Augmented Lunar Envoy's Longkilt of Casting (DH+DH)","Augmented Lunar Envoy's Boots of Casting (Crit+Det)","Abyssos Earrings of Casting (DH+Crit)","Augmented Lunar Envoy's Necklace of Casting (SS+SS)","Abyssos Amulet of Casting (Det+SS)","Augmented Lunar Envoy's Ring of Casting (Crit+Crit)","Abyssos Ring of Casting (DH+DH)","Garlean Pizza","126","2945","1091","2386","1559","948","10306.0055889"
0,1,1e+06,1000,"Abyssos Rod (Crit+Crit)","Augmented Lunar Envoy's Hairpin of Casting (DH+Det)","Abyssos Surcoat of Casting (Det+Det)","Abyssos Armguards of Casting (DH+DH)","Augmented Lunar Envoy's Longkilt of Casting (DH+DH)","Augmented Lunar Envoy's Boots of Casting (Crit+Det)","Abyssos Earrings of Casting (DH+Crit)","Augmented Lunar Envoy's Necklace of Casting (SS+SS)","Abyssos Amulet of Casting (Det+SS)","Augmented Lunar Envoy's Ring of Casting (Crit+Crit)","Abyssos Ring of Casting (DH+DH)","Garlean Pizza","126","2945","1091","2386","1559","948","10306.0055889"
6400,80,1,0,"Abyssos Rod (Crit+Crit)","Augmented Lunar Envoy's Hairpin of Casting (DH+DH)","Abyssos Surcoat of Casting (DH+DH)","Abyssos Armguards of Casting (DH+SS)","Augmented Lunar Envoy's Longkilt of Casting (DH+DH)","Augmented Lunar Envoy's Boots of Casting (Det+Det)","Abyssos Earrings of Casting (DH+Crit)","Augmented Lunar Envoy's Necklace of Casting (Crit+SS)","Abyssos Amulet of Casting (DH+SS)","Augmented Lunar Envoy's Ring of Casting (Crit+Crit)","Abyssos Ring of Casting (DH+DH)","Garlean Pizza","126","2945","1199","2386","1451","948","10304.9245575787"
6400,80,0,1,"Abyssos Rod (Crit+Crit)","Augmented Lunar Envoy's Hairpin of Casting (DH+DH)","Abyssos Surcoat of Casting (DH+DH)","Abyssos Armguards of Casting (DH+SS)","Augmented Lunar Envoy's Longkilt of Casting (DH+DH)","Augmented Lunar Envoy's Boots of Casting (Det+Det)","Abyssos Earrings of Casting (DH+Crit)","Augmented Lunar Envoy's Necklace of Casting (Crit+SS)","Abyssos Amulet of Casting (DH+SS)","Augmented Lunar Envoy's Ring of Casting (Crit+Crit)","Abyssos Ring of Casting (DH+DH)","Garlean Pizza","126","2945","1199","2386","1451","948","10304.9245575787"
1e+06,1000,1,0,"Abyssos Rod (Crit+Crit)","Augmented Lunar Envoy's Hairpin of Casting (DH+DH)","Abyssos Surcoat of Casting (DH+DH)","Abyssos Armguards of Casting (DH+SS)","Augmented Lunar Envoy's Longkilt of Casting (DH+DH)","Augmented Lunar Envoy's Boots of Casting (Det+Det)","Abyssos Earrings of Casting (DH+Crit)","Augmented Lunar Envoy's Necklace of Casting (Crit+SS)","Abyssos Amulet of Casting (DH+SS)","Augmented Lunar Envoy's Ring of Casting (Crit+Crit)","Abyssos Ring of Casting (DH+DH)","Garlean Pizza","126","2945","1199","2386","1451","948","10304.9245575787"
1e+06,1000,0,1,"Abyssos Rod (Crit+Crit)","Augmented Lunar Envoy's Hairpin of Casting (DH+DH)","Abyssos Surcoat of Casting (DH+DH)","Abyssos Armguards of Casting (DH+SS)","Augmented Lunar Envoy's Longkilt of Casting (DH+DH)","Augmented Lunar Envoy's Boots of Casting (Det+Det)","Abyssos Earrings of Casting (DH+Crit)","Augmented Lunar Envoy's Necklace of Casting (Crit+SS)","Abyssos Amulet of Casting (DH+SS)","Augmented Lunar Envoy's Ring of Casting (Crit+Crit)","Abyssos Ring of Casting (DH+DH)","Garlean Pizza","126","2945","1199","2386","1451","948","10304.9245575787"
1,1,0,-1,"Abyssos Rod (Crit+Crit)","Augmented Lunar Envoy's Hairpin of Casting (DH+DH)","Abyssos Surcoat of Casting (DH+DH)","Abyssos Armguards of Casting (DH+DH)","Augmented Lunar Envoy's Longkilt of Casting (DH+DH)","Augmented Lunar Envoy's Boots of Casting (Crit+Det)","Abyssos Earrings of Casting (DH+Crit)","Augmented Lunar Envoy's Necklace of Casting (DH+DH)","Abyssos Amulet of Casting (DH+Det)","Augmented Lunar Envoy's Ring of Casting (Crit+Crit)","Abyssos Ring of Casting (DH+DH)","Garlean Pizza","126","2945","1307","2386","1451","840","10303.9465643165"
1,0,1,-1,"Abyssos Rod (DH+Crit)","Augmented Lunar Envoy's Hairpin of Casting (DH+DH)","Abyssos Surcoat of Casting (DH+DH)","Abyssos Armguards of Casting (DH+DH)","Augmented Lunar Envoy's Longkilt of Casting (DH+DH)","Augmented Lunar Envoy's Boots of Casting (Crit+Det)","Abyssos Earrings of Casting (DH+Crit)","Augmented Lunar Envoy's Necklace of Casting (DH+Crit)","Abyssos Amulet of Casting (DH+Det)","Augmented Lunar Envoy's Ring of Casting (Crit+Crit)","Abyssos Ring of Casting (DH+DH)","Garlean Pizza","126","2945","1307","2386","1451","840","10303.9465643165"
1.618,1.412,1,0.7,"Abyssos Rod (Crit+Crit)","Augmented Lunar Envoy's Hairpin of Casting (DH+DH)","Abyssos Surcoat of Casting (DH+DH)","Abyssos Armguards of Casting (DH+DH)","Augmented Lunar Envoy's Longkilt of Casting (DH+DH)","Augmented Lunar Envoy's Boots of Casting (Crit+Det)","Abyssos Earrings of Casting (DH+DH)","Augmented Lunar Envoy's Necklace of Casting (DH+Crit)","Abyssos Amulet of Casting (DH+Det)","Augmented Lunar Envoy's Ring of Casting (Crit+Crit)","Abyssos Ring of Casting (DH+DH)","Garlean Pizza","126","2945","1307","2386","1451","840","10303.9465643165"
1.412,1.618,1,0.7,"Abyssos Rod (DH+Crit)","Augmented Lunar Envoy's Hairpin of Casting (DH+DH)","Abyssos Surcoat of Casting (DH+DH)","Abyssos Armguards of Casting (DH+DH)","Augmented Lunar Envoy's Longkilt of Casting (DH+DH)","Augmented Lunar Envoy's Boots of Casting (Crit+Det)","Abyssos Earrings of Casting (DH+Crit)","Augmented Lunar Envoy's Necklace of Casting (DH+Crit)","Abyssos Amulet of Casting (DH+Det)","Augmented Lunar Envoy's Ring of Casting (Crit+Crit)","Abyssos Ring of Casting (DH+DH)","Garlean Pizza","126","2945","1307","2386","1451","840","10303.9465643165"
80,6400,1,0,"Abyssos Rod (Crit+Crit)","Augmented Lunar Envoy's Hairpin of Casting (DH+DH)","Abyssos Surcoat of Casting (DH+DH)","Abyssos Armguards of Casting (DH+DH)","Augmented Lunar Envoy's Longkilt of Casting (DH+DH)","Augmented Lunar Envoy's Boots of Casting (Det+Det)","Abyssos Earrings of Casting (DH+Crit)","Augmented Lunar Envoy's Necklace of Casting (DH+Crit)","Abyssos Amulet of Casting (Det+Det)","Abyssos Ring of Casting (DH+Det)","Augmented Lunar Envoy's Ring of Casting (Crit+Crit)","Garlean Pizza","126","2945","1199","2386","1559","840","10303.6999676135"
80,6400,0,1,"Abyssos Rod (Crit+Crit)","Augmented Lunar Envoy's Hairpin of Casting (DH+Det)","Abyssos Surcoat of Casting (DH+DH)","Abyssos Armguards of Casting (DH+DH)","Augmented Lunar Envoy's Longkilt of Casting (DH+DH)","Augmented Lunar Envoy's Boots of Casting (Det+Det)","Abyssos Earrings of Casting (DH+Crit)","Augmented Lunar Envoy's Necklace of Casting (DH+Crit)","Abyssos Amulet of Casting (Det+Det)","Abyssos Ring of Casting (DH+DH)","Augmented Lunar Envoy's Ring of Casting (Crit+Crit)","Garlean Pizza","126","2945","1199","2386","1559","840","10303.6999676135"
1000,1e+06,1,0,"Abyssos Rod (Crit+Crit)","Augmented Lunar Envoy's Hairpin of Casting (DH+DH)","Abyssos Surcoat of Casting (DH+DH)","Abyssos Armguards of Casting (DH+DH)","Augmented Lunar Envoy's Longkilt of Casting (DH+DH)","Augmented Lunar Envoy's Boots of Casting (Det+Det)","Abyssos Earrings of Casting (DH+Crit)","Augmented Lunar Envoy's Necklace of Casting (DH+Crit)","Abyssos Amulet of Casting (Det+Det)","Abyssos Ring of Casting (DH+Det)","Augmented Lunar Envoy's Ring of Casting (Crit+Crit)","Garlean Pizza","126","2945","1199","2386","1559","840","10303.6999676135"
1000,1e+06,0,1,"Abyssos Rod (Crit+Crit)","Augmented Lunar Envoy's Hairpin of Casting (DH+DH)","Abyssos Surcoat of Casting (DH+DH)","Abyssos Armguards of Casting (DH+Det)","Augmented Lunar Envoy's Longkilt of Casting (DH+DH)","Augmented Lunar Envoy's Boots of Casting (Det+Det)","Abyssos Earrings of Casting (DH+Crit)","Augmented Lunar Envoy's Necklace of Casting (DH+Crit)","Abyssos Amulet of Casting (Det+Det)","Abyssos Ring of Casting (DH+DH)","Augmented Lunar Envoy's Ring of Casting (Crit+Crit)","Garlean Pizza","126","2945","1199","2386","1559","840","10303.6999676135"
1.618,1,1.412,0.7,"Abyssos Rod (Crit+Crit)","Augmented Lunar Envoy's Hairpin of Casting (DH+Det)","Abyssos Surcoat of Casting (DH+DH)","Abyssos Armguards of Casting (DH+Det)","Augmented Lunar Envoy's Longkilt of Casting (DH+DH)","Augmented Lunar Envoy's Boots of Casting (Det+Det)","Abyssos Earrings of Casting (DH+Crit)","Augmented Lunar Envoy's Necklace of Casting (DH+Crit)","Abyssos Amulet of Casting (DH+Det)","Augmented Lunar Envoy's Ring of Casting (Crit+Crit)","Abyssos Ring of Casting (DH+DH)","Garlean Pizza","126","2945","1199","2386","1559","840","10303.6999676135"
0,6400,80,1,"Abyssos Rod (Crit+Crit)","Augmented Lunar Envoy's Hairpin of Casting (DH+DH)","Abyssos Surcoat of Casting (Det+Det)","Abyssos Armguards of Casting (DH+DH)","Augmented Lunar Envoy's Longkilt of Casting (DH+DH)","Augmented Lunar Envoy's Boots of Casting (Det+Det)","Abyssos Earrings of Casting (DH+Crit)","Augmented Lunar Envoy's Necklace of Casting (DH+Crit)","Abyssos Amulet of Casting (Det+Det)","Abyssos Ring of Casting (Det+Det)","Augmented Lunar Envoy's Ring of Casting (Crit+Crit)","Garlean Pizza","126","2945","1091","2386","1667","840","10303.5743538"
1,6400,80,0,"Abyssos Rod (Crit+Crit)","Augmented Lunar Envoy's Hairpin of Casting (DH+DH)","Abyssos Surcoat of Casting (Det+Det)","Abyssos Armguards of Casting (DH+DH)","Augmented Lunar Envoy's Longkilt of Casting (DH+DH)","Augmented Lunar Envoy's Boots of Casting (Det+Det)","Abyssos Earrings of Casting (DH+Crit)","Augmented Lunar Envoy's Necklace of Casting (DH+Crit)","Abyssos Amulet of Casting (Det+Det)","Abyssos Ring of Casting (Det+Det)","Augmented Lunar Envoy's Ring of Casting (Crit+Crit)","Garlean Pizza","126","2945","1091","2386","1667","840","10303.5743538"
0,80,6400,1,"Abyssos Rod (Crit+Crit)","Augmented Lunar Envoy's Hairpin of Casting (DH+DH)","Abyssos Surcoat of Casting (Det+Det)","Abyssos Armguards of Casting (DH+DH)","Augmented Lunar Envoy's Longkilt of Casting (Det+Det)","Augmented Lunar Envoy's Boots of Casting (Det+Det)","Abyssos Earrings of Casting (DH+Crit)","Augmented Lunar Envoy's Necklace of Casting (DH+Crit)","Abyssos Amulet of Casting (DH+Det)","Augmented Lunar Envoy's Ring of Casting (Crit+Crit)","Abyssos Ring of Casting (DH+Det)","Garlean Pizza","126","2945","1091","2386","1667","840","10303.5743538"
1,80,6400,0,"Abyssos Rod (Crit+Crit)","Augmented Lunar Envoy's Hairpin of Casting (DH+DH)","Abyssos Surcoat of Casting (Det+Det)","Abyssos Armguards of Casting (DH+DH)","Augmented Lunar Envoy's Longkilt of Casting (DH+Det)","Augmented Lunar Envoy's Boots of Casting (Det+Det)","Abyssos Earrings of Casting (DH+Crit)","Augmented Lunar Envoy's Necklace of Casting (DH+Crit)","Abyssos Amulet of Casting (DH+Det)","Augmented Lunar Envoy's Ring of Casting (Crit+Crit)","Abyssos Ring of Casting (Det+Det)","Garlean Pizza","126","2945","1091","2386","1667","840","10303.5743538"
0,1e+06,1000,1,"Abyssos Rod (Crit+Crit)","Augmented Lunar Envoy's Hairpin of Casting (DH+DH)","Abyssos Surcoat of Casting (Det+Det)","Abyssos Armguards of Casting (DH+DH)","Augmented Lunar Envoy's Longkilt of Casting (DH+DH)","Augmented Lunar Envoy's Boots of Casting (Det+Det)","Abyssos Earrings of Casting (DH+Crit)","Augmented Lunar Envoy's Necklace of Casting (DH+Crit)","Abyssos Amulet of Casting (Det+Det)","Abyssos Ring of Casting (Det+Det)","Augmented Lunar Envoy's Ring of Casting (Crit+Crit)","Garlean Pizza","126","2945","1091","2386","1667","840","10303.5743538"
1,1e+06,1000,0,"Abyssos Rod (Crit+Crit)","Augmented Lunar Envoy's Hairpin of Casting (DH+DH)","Abyssos Surcoat of Casting (Det+Det)","Abyssos Armguards of Casting (DH+DH)","Augmented Lunar Envoy's Longkilt of Casting (Det+Det)","Augmented Lunar Envoy's Boots of Casting (Det+Det)","Abyssos Earrings of Casting (DH+Crit)","Augmented Lunar Envoy's Necklace of Casting (DH+Crit)","Abyssos Amulet of Casting (Det+Det)","Abyssos Ring of Casting (DH+DH)","Augmented Lunar Envoy's Ring of Casting (Crit+Crit)","Garlean Pizza","126","2945","1091","2386","1667","840","10303.5743538"
0,1000,1e+06,1,"Abyssos Rod (Crit+Crit)","Augmented Lunar Envoy's Hairpin of Casting (DH+DH)","Abyssos Surcoat of Casting (DH+Det)","Abyssos Armguards of Casting (DH+DH)","Augmented Lunar Envoy's Longkilt of Casting (Det+Det)","Augmented Lunar Envoy's Boots of Casting (Det+Det)","Abyssos Earrings of Casting (DH+Crit)","Augmented Lunar Envoy's Necklace of Casting (DH+Crit)","Abyssos Amulet of Casting (DH+Det)","Augmented Lunar Envoy's Ring of Casting (Crit+Crit)","Abyssos Ring of Casting (Det+Det)","Garlean Pizza","126","2945","1091","2386","1667","840","10303.5743538"
1,1000,1e+06,0,"Abyssos Rod (Crit+Crit)","Augmented Lunar Envoy's Hairpin of Casting (DH+DH)","Abyssos Surcoat of Casting (DH+Det)","Abyssos Armguards of Casting (DH+DH)","Augmented Lunar Envoy's Longkilt of Casting (Det+Det)","Augmented Lunar Envoy's Boots of Casting (Det+Det)","Abyssos Earrings of Casting (DH+Crit)","Augmented Lunar Envoy's Necklace of Casting (DH+Crit)","Abyssos Amulet of Casting (DH+Det)","Augmented Lunar Envoy's Ring of Casting (Crit+Crit)","Abyssos Ring of Casting (Det+Det)","Garlean Pizza","126","2945","1091","2386","1667","840","10303.5743538"
1,1.412,1.618,0.7,"Abyssos Rod (Crit+Crit)","Augmented Lunar Envoy's Hairpin of Casting (DH+Det)","Abyssos Surcoat of Casting (DH+DH)","Abyssos Armguards of Casting (DH+Det)","Augmented Lunar Envoy's Longkilt of Casting (Det+Det)","Augmented Lunar Envoy's Boots of Casting (Det+Det)","Abyssos Earrings of Casting (DH+Crit)","Augmented Lunar Envoy's Necklace of Casting (DH+Crit)","Abyssos Amulet of Casting (Det+Det)","Augmented Lunar Envoy's Ring of Casting (Crit+Crit)","Abyssos Ring of Casting (DH+DH)","Garlean Pizza","126","2945","1091","2386","1667","840","10303.5743538"
-1,1,1,0,"Abyssos Rod (Crit+Crit)","Augmented Lunar Envoy's Hairpin of Casting (DH+DH)","Abyssos Surcoat of Casting (Det+Det)","Abyssos Armguards of Casting (DH+Det)","Augmented Lunar Envoy's Longkilt of Casting (Det+Det)","Augmented Lunar Envoy's Boots of Casting (Crit+Det)","Abyssos Earrings of Casting (DH+Crit)","Augmented Lunar Envoy's Necklace of Casting (DH+SS)","Abyssos Amulet of Casting (SS+SS)","Abyssos Ring of Casting (Det+Det)","Augmented Lunar Envoy's Ring of Casting (Crit+Crit)","Garlean Pizza","126","2945","983","2386","1667","948","10302.27769508"
0,1,1,-1,"Abyssos Rod (Crit+Det)","Augmented Lunar Envoy's Hairpin of Casting (DH+DH)","Abyssos Surcoat of Casting (Det+Det)","Abyssos Armguards of Casting (DH+Det)","Augmented Lunar Envoy's Longkilt of Casting (Det+Det)","Augmented Lunar Envoy's Boots of Casting (Crit+Det)","Abyssos Earrings of Casting (DH+Crit)","Augmented Lunar Envoy's Necklace of Casting (DH+Crit)","Abyssos Amulet of Casting (Det+Det)","Augmented Lunar Envoy's Ring of Casting (Crit+Crit)","Abyssos Ring of Casting (Det+Det)","Garlean Pizza","126","2945","983","2386","1775","840","10301.071339378"
1,1.618,1.412,0.7,"Abyssos Rod (DH+Crit)","Augmented Lunar Envoy's Hairpin of Casting (DH+Det)","Abyssos Surcoat of Casting (Det+Det)","Abyssos Armguards of Casting (DH+Det)","Augmented Lunar Envoy's Longkilt of Casting (Det+Det)","Augmented Lunar Envoy's Boots of Casting (Crit+Det)","Abyssos Earrings of Casting (DH+Crit)","Augmented Lunar Envoy's Necklace of Casting (DH+Crit)","Abyssos Amulet of Casting (Det+Det)","Abyssos Ring of Casting (Det+Det)","Augmented Lunar Envoy's Ring of Casting (Crit+Crit)","Garlean Pizza","126","2945","983","2386","1775","840","10301.071339378"
0.7,1.618,1.412,1,"Abyssos Rod (Crit+Crit)","Augmented Lunar Envoy's Hairpin of Casting (Det+SS)","Abyssos Surcoat of Casting (Det+Det)","Abyssos Armguards of Casting (Det+SS)","Augmented Lunar Envoy's Longkilt of Casting (Det+Det)","Augmented Lunar Envoy's Boots of Casting (Crit+Det)","Abyssos Earrings of Casting (DH+DH)","Augmented Lunar Envoy's Necklace of Casting (Crit+SS)","Abyssos Amulet of Casting (Det+Det)","Abyssos Ring of Casting (Det+Det)","Augmented Lunar Envoy's Ring of Casting (Crit+Crit)","Garlean Pizza","126","2945","875","2386","1775","948","10299.8910326235"
0,1,-1,1,"Abyssos Rod (Crit+Crit)","Augmented Lunar Envoy's Hairpin of Casting (DH+Det)","Abyssos Surcoat of Casting (Det+SS)","Abyssos Armguards of Casting (Det+SS)","Augmented Lunar Envoy's Longkilt of Casting (DH+DH)","Augmented Lunar Envoy's Boots of Casting (Crit+Det)","Augmented Lunar Envoy's Earring of Casting (Crit+Crit)","Abyssos Choker of Casting (Crit+Crit)","Abyssos Amulet of Casting (SS+SS)","Abyssos Ring of Casting (Det+SS)","Augmented Lunar Envoy's Ring of Casting (Crit+Crit)","Garlean Pizza","126","2945","1006","2304","1382","1292","10295.0803125"
0,6400,1,80,"Abyssos Rod (Crit+Crit)","Augmented Lunar Envoy's Hairpin of Casting (SS+SS)","Abyssos Surcoat of Casting (SS+SS)","Abyssos Armguards of Casting (SS+SS)","Augmented Lunar Envoy's Longkilt of Casting (SS+SS)","Augmented Lunar Envoy's Boots of Casting (Det+Det)","Abyssos Earrings of Casting (DH+Crit)","Augmented Lunar Envoy's Necklace of Casting (DH+Crit)","Abyssos Amulet of Casting (SS+SS)","Abyssos Ring of Casting (DH+SS)","Augmented Lunar Envoy's Ring of Casting (Crit+Crit)","Garlean Pizza","126","2945","911","2386","1451","1236","10294.7810974223"
1,6400,0,80,"Abyssos Rod (Crit+Crit)","Augmented Lunar Envoy's Hairpin of Casting (SS+SS)","Abyssos Surcoat of Casting (SS+SS)","Abyssos Armguards of Casting (SS+SS)","Augmented Lunar Envoy's Longkilt of Casting (SS+SS)","Augmented Lunar Envoy's Boots of Casting (Det+Det)","Abyssos Earrings of Casting (DH+Crit)","Augmented Lunar Envoy's Necklace of Casting (DH+Crit)","Abyssos Amulet of Casting (SS+SS)","Abyssos Ring of Casting (DH+SS)","Augmented Lunar Envoy's Ring of Casting (Crit+Crit)","Garlean Pizza","126","2945","911","2386","1451","1236","10294.7810974223"
0,1e+06,1,1000,"Abyssos Rod (Crit+Crit)","Augmented Lunar Envoy's Hairpin of Casting (SS+SS)","Abyssos Surcoat of Casting (SS+SS)","Abyssos Armguards of Casting (SS+SS)","Augmented Lunar Envoy's Longkilt of Casting (SS+SS)","Augmented Lunar Envoy's Boots of Casting (Det+Det)","Abyssos Earrings of Casting (DH+Crit)","Augmented Lunar Envoy's Necklace of Casting (DH+Crit)","Abyssos Amulet of Casting (SS+SS)","Abyssos Ring of Casting (DH+SS)","Augmented Lunar Envoy's Ring of Casting (Crit+Crit)","Garlean Pizza","126","2945","911","2386","1451","1236","10294.7810974223"
1,1e+06,0,1000,"Abyssos Rod (Crit+Crit)","Augmented Lunar Envoy's Hairpin of Casting (SS+SS)","Abyssos Surcoat of Casting (SS+SS)","Abyssos Armguards of Casting (SS+SS)","Augmented Lunar Envoy's Longkilt of Casting (SS+SS)","Augmented Lunar Envoy's Boots of Casting (Det+Det)","Abyssos Earrings of Casting (DH+Crit)","Augmented Lunar Envoy's Necklace of Casting (DH+Crit)","Abyssos Amulet of Casting (SS+SS)","Abyssos Ring of Casting (DH+SS)","Augmented Lunar Envoy's Ring of Casting (Crit+Crit)","Garlean Pizza","126","2945","911","2386","1451","1236","10294.7810974223"
1.412,1.618,0.7,1,"Abyssos Rod (Crit+Crit)","Augmented Lunar Envoy's Hairpin of Casting (DH+DH)","Abyssos Surcoat of Casting (SS+SS)","Augmented Lunar Envoy's Gloves of Casting (Crit+Crit)","Augmented Lunar Envoy's Longkilt of Casting (DH+DH)","Augmented Lunar Envoy's Boots of Casting (Crit+SS)","Abyssos Earrings of Casting (DH+Crit)","Abyssos Choker of Casting (Crit+Crit)","Abyssos Amulet of Casting (DH+SS)","Abyssos Ring of Casting (DH+DH)","Augmented Lunar Envoy's Ring of Casting (Crit+Crit)","Garlean Pizza","126","2945","1306","2263","1123","1292","10294.207226248"
-1,0,1,1,"Abyssos Rod (Crit+Crit)","Augmented Lunar Envoy's Hairpin of Casting (Det+SS)","Abyssos Surcoat of Casting (Det+Det)","Abyssos Armguards of Casting (Det+SS)","Augmented Lunar Envoy's Longkilt of Casting (DH+DH)","Augmented Lunar Envoy's Boots of Casting (Crit+Det)","Abyssos Earrings of Casting (Crit+SS)","Augmented Lunar Envoy's Necklace of Casting (DH+Crit)","Abyssos Amulet of Casting (DH+SS)","Abyssos Ring of Casting (DH+DH)","Augmented Lunar Envoy's Ring of Casting (Crit+SS)","Garlean Pizza","126","2945","1019","2386","1559","1020","10293.1808237475"
1,1.618,0.7,1.412,"Abyssos Rod (Crit+Crit)","Augmented Lunar Envoy's Hairpin of Casting (SS+SS)","Abyssos Surcoat of Casting (SS+SS)","Abyssos Armguards of Casting (Det+SS)","Augmented Lunar Envoy's Longkilt of Casting (Det+Det)","Augmented Lunar Envoy's Boots of Casting (Det+Det)","Abyssos Earrings of Casting (DH+SS)","Abyssos Choker of Casting (Crit+Crit)","Abyssos Amulet of Casting (SS+SS)","Abyssos Ring of Casting (DH+SS)","Augmented Lunar Envoy's Ring of Casting (Crit+Crit)","Garlean Pizza","126","2945","970","2291","1423","1300","10291.5564707288"
0.7,1.412,1.618,1,"Abyssos Rod (Crit+Crit)","Augmented Lunar Envoy's Hairpin of Casting (Det+SS)","Abyssos Surcoat of Casting (Det+Det)","Abyssos Armguards of Casting (Det+SS)","Augmented Lunar Envoy's Longkilt of Casting (Det+Det)","Augmented Lunar Envoy's Boots of Casting (Crit+Det)","Abyssos Earrings of Casting (Crit+SS)","Abyssos Choker of Casting (DH+Crit)","Abyssos Amulet of Casting (Det+SS)","Abyssos Ring of Casting (Det+Det)","Augmented Lunar Envoy's Ring of Casting (Crit+Det)","Garlean Pizza","126","2945","934","2291","1639","1120","10289.437148997"
0.7,1.412,1,1.618,"Abyssos Rod (Crit+Crit)","Augmented Lunar Envoy's Hairpin of Casting (SS+SS)","Abyssos Surcoat of Casting (SS+SS)","Abyssos Armguards of Casting (SS+SS)","Augmented Lunar Envoy's Longkilt of Casting (SS+SS)","Augmented Lunar Envoy's Boots of Casting (Det+Det)","Abyssos Earrings of Casting (DH+Crit)","Abyssos Choker of Casting (Crit+Crit)","Abyssos Amulet of Casting (DH+SS)","Abyssos Ring of Casting (DH+SS)","Augmented Lunar Envoy's Ring of Casting (SS+SS)","Carrot Pudding","126","2945","1006","2216","1412","1350","10285.7489850125"
80,0,6400,1,"Abyssos Rod (Det+Det)","Augmented Lunar Envoy's Hairpin of Casting (DH+Det)","Abyssos Surcoat of Casting (Det+Det)","Abyssos Armguards of Casting (DH+Det)","Augmented Lunar Envoy's Longkilt of Casting (Det+Det)","Augmented Lunar Envoy's Boots of Casting (Det+Det)","Abyssos Earrings of Casting (DH+DH)","Augmented Lunar Envoy's Necklace of Casting (DH+DH)","Abyssos Amulet of Casting (DH+Det)","Augmented Lunar Envoy's Ring of Casting (Crit+Det)","Abyssos Ring of Casting (Det+Det)","Garlean Pizza","126","2945","1055","2206","1883","840","10282.8447006"
80,1,6400,0,"Abyssos Rod (Det+Det)","Augmented Lunar Envoy's Hairpin of Casting (DH+Det)","Abyssos Surcoat of Casting (Det+Det)","Abyssos Armguards of Casting (DH+Det)","Augmented Lunar Envoy's Longkilt of Casting (Det+Det)","Augmented Lunar Envoy's Boots of Casting (Det+Det)","Abyssos Earrings of Casting (DH+DH)","Augmented Lunar Envoy's Necklace of Casting (DH+DH)","Abyssos Amulet of Casting (DH+Det)","Augmented Lunar Envoy's Ring of Casting (Crit+Det)","Abyssos Ring of Casting (Det+Det)","Garlean Pizza","126","2945","1055","2206","1883","840","10282.8447006"
1000,0,1e+06,1,"Abyssos Rod (Det+Det)","Augmented Lunar Envoy's Hairpin of Casting (DH+Det)","Abyssos Surcoat of Casting (Det+Det)","Abyssos Armguards of Casting (DH+Det)","Augmented Lunar Envoy's Longkilt of Casting (Det+Det)","Augmented Lunar Envoy's Boots of Casting (Det+Det)","Abyssos Earrings of Casting (DH+DH)","Augmented Lunar Envoy's Necklace of Casting (DH+DH)","Abyssos Amulet of Casting (DH+Det)","Augmented Lunar Envoy's Ring of Casting (Crit+Det)","Abyssos Ring of Casting (Det+Det)","Garlean Pizza","126","2945","1055","2206","1883","840","10282.8447006"
1000,1,1e+06,0,"Abyssos Rod (Det+Det)","Augmented Lunar Envoy's Hairpin of Casting (DH+Det)","Abyssos Surcoat of Casting (Det+Det)","Abyssos Armguards of Casting (DH+Det)","Augmented Lunar Envoy's Longkilt of Casting (Det+Det)","Augmented Lunar Envoy's Boots of Casting (Det+Det)","Abyssos Earrings of Casting (DH+DH)","Augmented Lunar Envoy's Necklace of Casting (DH+DH)","Abyssos Amulet of Casting (DH+Det)","Augmented Lunar Envoy's Ring of Casting (Crit+Det)","Abyssos Ring of Casting (Det+Det)","Garlean Pizza","126","2945","1055","2206","1883","840","10282.8447006"
1.412,1,1.618,0.7,"Abyssos Rod (DH+Det)","Augmented Lunar Envoy's Hairpin of Casting (DH+Det)","Abyssos Surcoat of Casting (Det+Det)","Abyssos Armguards of Casting (DH+Det)","Augmented Lunar Envoy's Longkilt of Casting (Det+Det)","Augmented Lunar Envoy's Boots of Casting (Det+Det)","Abyssos Earrings of Casting (DH+DH)","Augmented Lunar Envoy's Necklace of Casting (DH+DH)","Abyssos Amulet of Casting (Det+Det)","Augmented Lunar Envoy's Ring of Casting (Crit+Det)","Abyssos Ring of Casting (Det+Det)","Garlean Pizza","126","2945","1055","2206","1883","840","10282.8447006"
-1,1,0,1,"Abyssos Rod (Crit+Crit)","Augmented Lunar Envoy's Hairpin of Casting (DH+SS)","Abyssos Surcoat of Casting (SS+SS)","Abyssos Armguards of Casting (SS+SS)","Augmented Lunar Envoy's Longkilt of Casting (SS+SS)","Abyssos Boots of Casting (Crit+Crit)","Augmented Lunar Envoy's Earring of Casting (Crit+Crit)","Augmented Lunar Envoy's Necklace of Casting (Crit+SS)","Augmented Lunar Envoy's Bracelets of Casting (Crit+Crit)","Abyssos Ring of Casting (Det+Det)","Augmented Lunar Envoy's Ring of Casting (Crit+Crit)","Garlean Pizza","126","2945","692","2215","1505","1572","10282.010379565"
0.7,1.618,1,1.412,"Abyssos Rod (Crit+Crit)","Augmented Lunar Envoy's Hairpin of Casting (SS+SS)","Abyssos Surcoat of Casting (SS+SS)","Abyssos Armguards of Casting (DH+Det)","Augmented Lunar Envoy's Longkilt of Casting (SS+SS)","Abyssos Boots of Casting (Crit+Crit)","Augmented Lunar Envoy's Earring of Casting (Crit+Crit)","Augmented Lunar Envoy's Necklace of Casting (Crit+SS)","Augmented Lunar Envoy's Bracelets of Casting (Crit+Crit)","Abyssos Ring of Casting (Det+SS)","Augmented Lunar Envoy's Ring of Casting (Crit+Crit)","Garlean Pizza","126","2945","692","2215","1505","1572","10282.010379565"
0.7,1,1.618,1.412,"Abyssos Rod (Crit+Det)","Augmented Lunar Envoy's Hairpin of Casting (Det+SS)","Abyssos Surcoat of Casting (Det+Det)","Abyssos Armguards of Casting (Det+SS)","Augmented Lunar Envoy's Longkilt of Casting (Det+Det)","Augmented Lunar Envoy's Boots of Casting (Crit+Det)","Augmented Lunar Envoy's Earring of Casting (Crit+Det)","Augmented Lunar Envoy's Necklace of Casting (SS+SS)","Augmented Lunar Envoy's Bracelets of Casting (Crit+Det)","Abyssos Ring of Casting (DH+DH)","Augmented Lunar Envoy's Ring of Casting (Det+SS)","Garlean Pizza","126","2945","780","2083","1829","1292","10273.9574358225"
1.618,1.412,0.7,1,"Abyssos Rod (DH+DH)","Abyssos Helm of Casting (Crit+Crit)","Abyssos Surcoat of Casting (SS+SS)","Augmented Lunar Envoy's Gloves of Casting (DH+Crit)","Augmented Lunar Envoy's Longkilt of Casting (Det+Det)","Augmented Lunar Envoy's Boots of Casting (Crit+SS)","Abyssos Earrings of Casting (DH+DH)","Abyssos Choker of Casting (DH+Crit)","Augmented Lunar Envoy's Bracelets of Casting (Crit+Det)","Abyssos Ring of Casting (DH+DH)","Augmented Lunar Envoy's Ring of Casting (Crit+Crit)","Carrot Pudding","126","2945","1383","1844","1303","1454","10268.569682784"
