InitialDHWeight,InitialCritWeight,InitialDetWeight,InitialSSWeight,Weapon,Head,Chest,Hands,Legs,Feet,Ear,Neck,Wrist,Finger1,Finger2,Food,WD,Int,DH,Crit,Det,SS,DPS,Gain
-49.0,81.0,-43.0,64.0,Rod of Ascension (SS+SS),Aug Credendum Circlet (SS+SS),Aug Credendum Surcoat (SS+SS),Ascension Gloves (SS+SS),Ascension Longkilt (Crit+Crit),Aug Credendum Sollerets (SS+Crit),Ascension Earring (SS+SS),Aug Credendum Necklace (SS+Crit),Ascension Bracelet (SS+SS),Ascension Ring (SS+SS),Aug Credendum Ring (Crit+Crit),Baked Eggplant,132.0,3375.0,1150,2514,1277,1292,13609.271653512,7.527%
32.0,49.0,7.0,-20.0,Rod of Ascension (DH+DH),Aug Credendum Circlet (Det+DH),Aug Credendum Surcoat (DH+DH),Ascension Gloves (DH+DH),Ascension Longkilt (Crit+Crit),Aug Credendum Sollerets (Crit+Crit),Ascension Earring (DH+DH),Aug Credendum Necklace (Crit+DH),Ascension Bracelet (DH+DH),Ascension Ring (DH+DH),Aug Credendum Ring (Crit+Crit),Baked Eggplant,132.0,3375.0,1654,2533,1313,716,13606.459793016,7.505%
1.412,1.618,1.0,0.7,Rod of Ascension (SS+Det),Aug Credendum Circlet (Det+DH),Aug Credendum Surcoat (DH+DH),Ascension Gloves (DH+DH),Ascension Longkilt (Crit+Crit),Aug Credendum Sollerets (Det+Crit),Ascension Earring (DH+DH),Aug Credendum Necklace (Crit+DH),Ascension Bracelet (DH+DH),Ascension Ring (DH+DH),Aug Credendum Ring (Crit+Crit),Baked Eggplant,132.0,3375.0,1582,2514,1385,752,13600.203170112,7.456%
13.0,4.0,11.0,15.0,Rod of Ascension (SS+SS),Ascension Turban (Det+Crit),Ascension Robe (DH+DH),Aug Credendum Gauntlets (Det+DH),Aug Credendum Hose (SS+SS),Ascension Sandals (SS+DH),Aug Credendum Earrings (Det+DH),Ascension Necklace (SS+Det),Aug Credendum Bracelets (SS+DH),Aug Credendum Ring (SS+Det),Ascension Ring (SS+SS),Caviar Sandwich,132.0,3375.0,1403,887,1422,2521,13597.531904385,7.434%
1.0,1.618,1.412,0.7,Rod of Ascension (Det+Det),Aug Credendum Circlet (Det+Det),Aug Credendum Surcoat (Det+Det),Ascension Gloves (Det+DH),Ascension Longkilt (SS+SS),Aug Credendum Sollerets (Det+Crit),Ascension Earring (Det+DH),Aug Credendum Necklace (Crit+DH),Ascension Bracelet (Det+DH),Ascension Ring (Det+DH),Aug Credendum Ring (Crit+Crit),Caviar Canapes,132.0,3375.0,1330,2483,1570,850,13596.19576193475,7.424%
1.0,0.7,1.412,1.618,Rod of Ascension (SS+SS),Ascension Turban (Det+DH),Ascension Robe (Det+Det),Aug Credendum Gauntlets (Det+Det),Aug Credendum Hose (SS+SS),Ascension Sandals (SS+DH),Aug Credendum Earrings (Det+Det),Ascension Necklace (SS+Det),Aug Credendum Bracelets (SS+DH),Aug Credendum Ring (SS+Det),Ascension Ring (SS+SS),Caviar Sandwich,132.0,3375.0,1295,851,1566,2521,13595.396068869499,7.418%
48.0,45.0,20.0,-15.0,Rod of Ascension (DH+DH),Aug Credendum Circlet (SS+SS),Aug Credendum Surcoat (DH+DH),Ascension Gloves (DH+DH),Ascension Longkilt (Crit+Crit),Aug Credendum Sollerets (Crit+Crit),Ascension Earring (DH+DH),Aug Credendum Necklace (DH+DH),Ascension Bracelet (DH+DH),Ascension Ring (DH+DH),Aug Credendum Ring (Crit+Crit),Baked Eggplant,132.0,3375.0,1654,2497,1277,788,13587.827680049999,7.358%
48.0,95.0,36.0,1.0,Rod of Ascension (DH+DH),Aug Credendum Circlet (DH+DH),Aug Credendum Surcoat (DH+DH),Ascension Gloves (DH+DH),Ascension Longkilt (Crit+Crit),Aug Credendum Sollerets (Crit+Crit),Ascension Earring (DH+DH),Aug Credendum Necklace (Crit+DH),Ascension Bracelet (DH+DH),Ascension Ring (DH+DH),Aug Credendum Ring (Crit+Crit),Baked Eggplant,132.0,3375.0,1673,2533,1277,716,13583.691628416,7.325%
68.0,90.0,38.0,13.0,Rod of Ascension (DH+DH),Aug Credendum Circlet (Det+DH),Aug Credendum Surcoat (DH+DH),Ascension Gloves (DH+DH),Ascension Longkilt (Crit+Crit),Aug Credendum Sollerets (Crit+Crit),Ascension Earring (Det+Det),Aug Credendum Necklace (Crit+DH),Ascension Bracelet (DH+DH),Ascension Ring (DH+DH),Aug Credendum Ring (Crit+Crit),Baked Eggplant,132.0,3375.0,1582,2533,1356,716,13579.101987983999,7.289%
1.0,0.0,1.0,-1.0,Rod of Ascension (DH+DH),Aug Credendum Circlet (Det+DH),Aug Credendum Surcoat (DH+DH),Ascension Gloves (DH+DH),Ascension Longkilt (Det+Det),Aug Credendum Sollerets (Det+Det),Ascension Earring (SS+SS),Aug Credendum Necklace (DH+DH),Ascension Bracelet (DH+DH),Ascension Ring (DH+DH),Aug Credendum Ring (Det+Det),Caviar Canapes,132.0,3375.0,1618,2339,1426,850,13578.197698560001,7.282%
1.412,0.7,1.0,1.618,Rod of Ascension (SS+SS),Ascension Turban (DH+DH),Ascension Robe (DH+DH),Aug Credendum Gauntlets (Det+DH),Aug Credendum Hose (Crit+Crit),Ascension Sandals (SS+DH),Aug Credendum Earrings (Det+DH),Ascension Necklace (SS+Det),Aug Credendum Bracelets (SS+DH),Aug Credendum Ring (SS+Det),Ascension Ring (SS+SS),Honeyed Dragonfruit,132.0,3375.0,1516,923,1448,2346,13577.270146687499,7.274%
91.0,-23.0,91.0,1.0,Rod of Ascension (DH+DH),Ascension Turban (DH+DH),Ascension Robe (DH+DH),Aug Credendum Gauntlets (Det+DH),Aug Credendum Hose (DH+DH),Ascension Sandals (DH+DH),Aug Credendum Earrings (Det+DH),Ascension Necklace (Det+Det),Aug Credendum Bracelets (DH+DH),Aug Credendum Ring (Det+Det),Ascension Ring (DH+DH),Honeyed Dragonfruit,132.0,3375.0,1804,851,1520,2058,13571.610613746498,7.230%
1.0,1.0,0.0,-1.0,Rod of Ascension (DH+DH),Aug Credendum Circlet (DH+DH),Aug Credendum Surcoat (DH+DH),Ascension Gloves (DH+DH),Ascension Longkilt (Crit+Crit),Aug Credendum Sollerets (Crit+Crit),Ascension Earring (DH+DH),Aug Credendum Necklace (SS+Crit),Ascension Bracelet (DH+DH),Ascension Ring (DH+DH),Aug Credendum Ring (Crit+Crit),Baked Eggplant,132.0,3375.0,1637,2533,1277,752,13570.454330223998,7.221%
1.618,1.0,1.412,0.7,Rod of Ascension (DH+DH),Aug Credendum Circlet (Det+DH),Aug Credendum Surcoat (DH+DH),Ascension Gloves (DH+DH),Ascension Longkilt (Det+Det),Aug Credendum Sollerets (Crit+Crit),Ascension Earring (DH+DH),Aug Credendum Necklace (DH+DH),Ascension Bracelet (DH+DH),Aug Credendum Ring (Det+Det),Ascension Ring (DH+DH),Caviar Canapes,132.0,3375.0,1690,2394,1354,778,13569.45622625575,7.213%
1.412,1.0,1.618,0.7,Rod of Ascension (Det+Det),Aug Credendum Circlet (Det+Det),Aug Credendum Surcoat (Det+Det),Ascension Gloves (Det+DH),Ascension Longkilt (Det+Det),Ascension Sandals (Crit+Crit),Ascension Earring (Det+DH),Aug Credendum Necklace (DH+DH),Ascension Bracelet (Det+DH),Ascension Ring (Det+DH),Aug Credendum Ring (Det+Det),Caviar Canapes,132.0,3375.0,1182,2282,1862,907,13569.453823560001,7.213%
1.0,-1.0,1.0,0.0,Rod of Ascension (DH+DH),Ascension Turban (DH+DH),Ascension Robe (DH+DH),Aug Credendum Gauntlets (Det+Crit),Aug Credendum Hose (DH+DH),Ascension Sandals (DH+DH),Aug Credendum Earrings (Det+DH),Ascension Necklace (Det+Det),Aug Credendum Bracelets (DH+DH),Aug Credendum Ring (Det+Det),Ascension Ring (DH+DH),Honeyed Dragonfruit,132.0,3375.0,1768,887,1520,2058,13569.256023140999,7.211%
24.0,-31.0,40.0,18.0,Rod of Ascension (Det+Det),Ascension Turban (Det+DH),Ascension Robe (Det+Det),Aug Credendum Gauntlets (Det+Crit),Aug Credendum Hose (DH+DH),Ascension Sandals (DH+DH),Aug Credendum Earrings (Det+Det),Ascension Necklace (Det+Det),Aug Credendum Bracelets (DH+DH),Aug Credendum Ring (Det+Det),Ascension Ring (Det+DH),Honeyed Dragonfruit,132.0,3375.0,1516,887,1772,2058,13564.270835973,7.172%
80.0,6400.0,0.0,1.0,Rod of Ascension (DH+DH),Aug Credendum Circlet (DH+DH),Aug Credendum Surcoat (DH+DH),Ascension Gloves (DH+DH),Ascension Longkilt (Crit+Crit),Aug Credendum Sollerets (Crit+Crit),Ascension Earring (DH+DH),Aug Credendum Necklace (Crit+Crit),Ascension Bracelet (DH+DH),Ascension Ring (DH+DH),Aug Credendum Ring (Crit+Crit),Baked Eggplant,132.0,3375.0,1637,2540,1277,716,13562.9982421875,7.162%
27.0,-37.0,23.0,79.0,Rod of Ascension (SS+SS),Ascension Turban (DH+DH),Ascension Robe (DH+DH),Aug Credendum Gauntlets (Det+DH),Aug Credendum Hose (SS+SS),Ascension Sandals (SS+SS),Aug Credendum Earrings (Det+DH),Ascension Necklace (Det+Det),Aug Credendum Bracelets (SS+DH),Aug Credendum Ring (SS+Det),Ascension Ring (SS+SS),Caviar Sandwich,132.0,3375.0,1439,851,1422,2504,13562.519305099999,7.158%
1.618,1.412,1.0,0.7,Rod of Ascension (DH+DH),Aug Credendum Circlet (Det+DH),Aug Credendum Surcoat (DH+DH),Ascension Gloves (DH+DH),Ascension Longkilt (Crit+Crit),Aug Credendum Sollerets (Det+Crit),Aug Credendum Earrings (Crit+DH),Ascension Necklace (Crit+Crit),Ascension Bracelet (DH+DH),Ascension Ring (DH+DH),Aug Credendum Ring (Crit+Crit),Baked Eggplant,132.0,3375.0,1829,2339,1098,963,13561.098594714,7.147%
96.0,79.0,44.0,-49.0,Rod of Ascension (DH+DH),Aug Credendum Circlet (DH+DH),Aug Credendum Surcoat (DH+DH),Ascension Gloves (DH+DH),Ascension Longkilt (Crit+Crit),Aug Credendum Sollerets (Det+Crit),Ascension Earring (DH+DH),Aug Credendum Necklace (DH+DH),Aug Credendum Bracelets (Crit+Crit),Ascension Ring (DH+DH),Aug Credendum Ring (Crit+Crit),Baked Eggplant,132.0,3375.0,1637,2405,1356,818,13560.9206310575,7.145%
38.0,95.0,9.0,46.0,Rod of Ascension (SS+SS),Aug Credendum Circlet (SS+SS),Aug Credendum Surcoat (SS+SS),Ascension Gloves (SS+SS),Ascension Longkilt (Crit+Crit),Aug Credendum Sollerets (Crit+Crit),Ascension Earring (SS+SS),Ascension Necklace (Crit+Crit),Ascension Bracelet (SS+SS),Ascension Ring (SS+SS),Aug Credendum Ring (Crit+Crit),Caviar Canapes,132.0,3375.0,1295,2508,1029,1384,13558.922480525,7.129%
0.0,1000000.0,1.0,1000.0,Rod of Ascension (SS+DH),Aug Credendum Circlet (SS+SS),Aug Credendum Surcoat (SS+SS),Ascension Gloves (SS+SS),Ascension Longkilt (Crit+Crit),Aug Credendum Sollerets (Crit+Crit),Ascension Earring (SS+SS),Aug Credendum Necklace (Crit+Crit),Ascension Bracelet (SS+SS),Ascension Ring (SS+SS),Aug Credendum Ring (Crit+Crit),Baked Eggplant,132.0,3375.0,1186,2540,1277,1184,13557.772265625,7.120%
-33.0,99.0,-30.0,-11.0,Rod of Ascension (SS+SS),Aug Credendum Circlet (SS+SS),Aug Credendum Surcoat (SS+SS),Ascension Gloves (DH+DH),Ascension Longkilt (Crit+Crit),Aug Credendum Sollerets (Crit+Crit),Ascension Earring (SS+SS),Aug Credendum Necklace (Crit+Crit),Ascension Bracelet (SS+SS),Ascension Ring (SS+SS),Aug Credendum Ring (Crit+Crit),Baked Eggplant,132.0,3375.0,1222,2540,1277,1148,13556.331152343751,7.109%
64.0,64.0,32.0,29.0,Rod of Ascension (DH+DH),Aug Credendum Circlet (DH+DH),Aug Credendum Surcoat (DH+DH),Ascension Gloves (DH+DH),Ascension Longkilt (SS+Crit),Aug Credendum Sollerets (Crit+Crit),Ascension Earring (DH+DH),Ascension Necklace (Crit+Crit),Ascension Bracelet (DH+DH),Ascension Ring (DH+DH),Aug Credendum Ring (Crit+Crit),Caviar Canapes,132.0,3375.0,1782,2472,1029,916,13552.710248000001,7.080%
1000.0,1000000.0,1.0,0.0,Rod of Ascension (DH+DH),Ascension Turban (Crit+DH),Aug Credendum Surcoat (DH+DH),Ascension Gloves (DH+DH),Ascension Longkilt (Crit+Crit),Aug Credendum Sollerets (Crit+Crit),Ascension Earring (DH+DH),Aug Credendum Necklace (Crit+Crit),Ascension Bracelet (DH+DH),Ascension Ring (DH+DH),Aug Credendum Ring (Crit+Crit),Caviar Canapes,132.0,3375.0,1489,2433,1303,962,13551.5355586,7.071%
0.7,1.0,1.412,1.618,Rod of Ascension (SS+SS),Ascension Turban (Det+Crit),Ascension Robe (Det+Det),Aug Credendum Gauntlets (Det+Det),Aug Credendum Hose (SS+SS),Ascension Sandals (SS+Crit),Aug Credendum Earrings (Det+DH),Aug Credendum Necklace (SS+SS),Aug Credendum Bracelets (SS+Crit),Ascension Ring (SS+SS),Aug Credendum Ring (SS+Det),Honeyed Dragonfruit,132.0,3375.0,1117,1061,1701,2352,13549.701373288499,7.057%
61.0,80.0,13.0,-10.0,Rod of Ascension (DH+DH),Aug Credendum Circlet (DH+DH),Aug Credendum Surcoat (DH+DH),Ascension Gloves (DH+DH),Ascension Longkilt (Crit+Crit),Aug Credendum Sollerets (Crit+Crit),Aug Credendum Earrings (Det+Crit),Aug Credendum Necklace (Crit+DH),Ascension Bracelet (DH+DH),Ascension Ring (DH+DH),Aug Credendum Ring (Crit+Crit),Baked Eggplant,132.0,3375.0,1703,2424,1211,861,13547.818403176498,7.042%
96.0,20.0,77.0,3.0,Rod of Ascension (DH+DH),Aug Credendum Circlet (Det+DH),Aug Credendum Surcoat (SS+Det),Ascension Gloves (DH+DH),Ascension Longkilt (Det+Det),Aug Credendum Sollerets (Det+Det),Ascension Earring (DH+DH),Aug Credendum Necklace (DH+DH),Aug Credendum Bracelets (DH+DH),Aug Credendum Ring (Det+Det),Ascension Ring (DH+DH),Caviar Canapes,132.0,3375.0,1618,2194,1505,916,13547.349843456002,7.038%
1.0,0.7,1.618,1.412,Rod of Ascension (Det+Det),Ascension Turban (Det+DH),Ascension Robe (Det+Det),Aug Credendum Gauntlets (Det+Det),Aug Credendum Hose (SS+SS),Ascension Sandals (SS+DH),Aug Credendum Earrings (Det+Det),Aug Credendum Necklace (SS+SS),Ascension Bracelet (DH+DH),Aug Credendum Ring (Det+Det),Ascension Ring (SS+Det),Caviar Sandwich,132.0,3375.0,1186,1098,1776,2173,13545.127963382252,7.020%
-30.0,-48.0,11.0,50.0,Rod of Ascension (SS+SS),Ascension Turban (Det+Det),Ascension Robe (Det+Det),Aug Credendum Gauntlets (Det+Det),Aug Credendum Hose (SS+SS),Ascension Sandals (SS+SS),Aug Credendum Earrings (Det+Det),Ascension Necklace (SS+Det),Aug Credendum Bracelets (Crit+DH),Aug Credendum Ring (SS+Det),Ascension Ring (SS+SS),Caviar Sandwich,132.0,3375.0,1223,887,1585,2504,13544.597225581498,7.016%
1.0,1.412,1.618,0.7,Rod of Ascension (Det+Det),Aug Credendum Circlet (Det+Det),Aug Credendum Surcoat (Det+Det),Ascension Gloves (Det+DH),Aug Credendum Hose (Crit+Crit),Ascension Sandals (Crit+Crit),Ascension Earring (Det+DH),Aug Credendum Necklace (Crit+DH),Ascension Bracelet (SS+DH),Ascension Ring (Det+DH),Aug Credendum Ring (Det+Det),Caviar Canapes,132.0,3375.0,854,2186,2046,1147,13544.573794830001,7.016%
0.0,6400.0,1.0,80.0,Rod of Ascension (SS+SS),Aug Credendum Circlet (SS+SS),Aug Credendum Surcoat (SS+SS),Ascension Gloves (SS+SS),Ascension Longkilt (Crit+Crit),Aug Credendum Sollerets (Crit+Crit),Ascension Earring (SS+SS),Aug Credendum Necklace (Crit+Crit),Ascension Bracelet (SS+SS),Ascension Ring (SS+SS),Aug Credendum Ring (Crit+Crit),Baked Eggplant,132.0,3375.0,1150,2540,1277,1220,13541.75888671875,6.994%
77.0,-12.0,64.0,18.0,Rod of Ascension (DH+DH),Ascension Turban (DH+DH),Ascension Robe (DH+DH),Aug Credendum Gauntlets (Det+DH),Aug Credendum Hose (DH+DH),Ascension Sandals (DH+DH),Aug Credendum Earrings (Det+DH),Ascension Necklace (Det+Det),Ascension Bracelet (SS+Det),Aug Credendum Ring (Det+Det),Ascension Ring (DH+DH),Caviar Canapes,132.0,3375.0,1629,1095,1451,2054,13540.54181559625,6.984%
1.412,1.618,0.7,1.0,Rod of Ascension (DH+DH),Aug Credendum Circlet (SS+DH),Aug Credendum Surcoat (DH+DH),Aug Credendum Gauntlets (Crit+DH),Ascension Longkilt (Crit+Crit),Aug Credendum Sollerets (SS+Crit),Ascension Earring (DH+DH),Ascension Necklace (Crit+Crit),Ascension Bracelet (DH+DH),Aug Credendum Ring (Crit+Crit),Ascension Ring (DH+DH),Baked Eggplant,132.0,3375.0,1856,2300,990,1074,13540.3624875,6.983%
60.0,14.0,64.0,6.0,Rod of Ascension (Det+Det),Aug Credendum Circlet (Det+Det),Aug Credendum Surcoat (Det+Det),Ascension Gloves (Det+DH),Ascension Longkilt (Det+Det),Aug Credendum Sollerets (Det+Det),Ascension Earring (Det+DH),Aug Credendum Necklace (DH+DH),Aug Credendum Bracelets (DH+DH),Aug Credendum Ring (Det+Det),Ascension Ring (Det+DH),Baked Eggplant,132.0,3375.0,1402,2153,1860,818,13537.7008338,6.962%
1.412,0.7,1.618,1.0,Rod of Ascension (Det+Det),Ascension Turban (Det+DH),Ascension Robe (Det+Det),Ascension Gloves (SS+DH),Aug Credendum Hose (DH+DH),Ascension Sandals (DH+DH),Aug Credendum Earrings (Det+Det),Ascension Necklace (Det+Det),Aug Credendum Bracelets (DH+DH),Aug Credendum Ring (Det+Det),Ascension Ring (Det+DH),Caviar Sandwich,132.0,3375.0,1382,1035,1803,2013,13537.696560192,6.962%
-1.0,1.0,0.0,1.0,Rod of Ascension (SS+SS),Ascension Turban (Crit+Crit),Aug Credendum Surcoat (SS+SS),Ascension Gloves (SS+SS),Aug Credendum Hose (Crit+Crit),Aug Credendum Sollerets (SS+Crit),Ascension Earring (SS+SS),Aug Credendum Necklace (SS+Crit),Ascension Bracelet (SS+SS),Ascension Ring (SS+SS),Aug Credendum Ring (Crit+Crit),Baked Eggplant,132.0,3375.0,729,2198,1698,1608,13535.5473673875,6.945%
1000.0,1000000.0,0.0,1.0,Rod of Ascension (DH+DH),Aug Credendum Circlet (DH+DH),Aug Credendum Surcoat (DH+DH),Ascension Gloves (DH+DH),Ascension Longkilt (Crit+Crit),Aug Credendum Sollerets (Crit+Crit),Ascension Earring (DH+DH),Ascension Necklace (Det+Crit),Ascension Bracelet (DH+DH),Ascension Ring (DH+DH),Aug Credendum Ring (Crit+Crit),Baked Eggplant,132.0,3375.0,1782,2431,1168,818,13534.7041764,6.938%
-49.0,68.0,-32.0,61.0,Rod of Ascension (SS+SS),Ascension Turban (Crit+Crit),Aug Credendum Surcoat (SS+SS),Ascension Gloves (SS+SS),Aug Credendum Hose (Crit+DH),Ascension Sandals (Crit+Crit),Ascension Earring (SS+SS),Aug Credendum Necklace (SS+Crit),Ascension Bracelet (SS+SS),Ascension Ring (SS+SS),Aug Credendum Ring (Crit+Crit),Caviar Canapes,132.0,3375.0,581,2110,1779,1763,13530.761546999998,6.907%
32.0,93.0,36.0,41.0,Rod of Ascension (SS+SS),Aug Credendum Circlet (SS+SS),Aug Credendum Surcoat (SS+SS),Ascension Gloves (SS+SS),Aug Credendum Hose (SS+DH),Aug Credendum Sollerets (Crit+Crit),Ascension Earring (SS+SS),Aug Credendum Necklace (SS+Crit),Ascension Bracelet (SS+SS),Ascension Ring (SS+SS),Aug Credendum Ring (Crit+Crit),Caviar Canapes,132.0,3375.0,894,2298,1466,1558,13530.570429305999,6.905%
71.0,-3.0,38.0,73.0,Rod of Ascension (SS+SS),Ascension Turban (DH+DH),Ascension Robe (DH+DH),Ascension Gloves (Det+Det),Aug Credendum Hose (SS+SS),Ascension Sandals (SS+DH),Aug Credendum Earrings (Det+DH),Ascension Necklace (SS+Det),Aug Credendum Bracelets (SS+DH),Aug Credendum Ring (SS+Det),Ascension Ring (SS+SS),Caviar Canapes,132.0,3375.0,1248,1138,1534,2296,13528.984354275,6.893%
0.0,-1.0,1.0,1.0,Rod of Ascension (Det+Det),Ascension Turban (Det+Det),Ascension Robe (DH+DH),Aug Credendum Gauntlets (Det+Det),Aug Credendum Hose (SS+SS),Ascension Sandals (SS+SS),Aug Credendum Earrings (Det+Det),Ascension Necklace (Det+Det),Aug Credendum Bracelets (SS+SS),Aug Credendum Ring (Det+Det),Ascension Ring (SS+Det),Caviar Sandwich,132.0,3375.0,1259,851,1693,2367,13525.932878406,6.869%
0.7,1.618,1.412,1.0,Rod of Ascension (Det+Det),Aug Credendum Circlet (Det+Det),Ascension Robe (Crit+DH),Ascension Gloves (SS+Det),Aug Credendum Hose (Crit+Crit),Ascension Sandals (Crit+Crit),Ascension Earring (SS+Det),Aug Credendum Necklace (SS+Crit),Ascension Bracelet (SS+Det),Ascension Ring (SS+Det),Aug Credendum Ring (Crit+Crit),Caviar Canapes,132.0,3375.0,914,2002,1734,1583,13525.696093727996,6.867%
19.0,76.0,87.0,18.0,Rod of Ascension (Det+Det),Aug Credendum Circlet (Det+Det),Aug Credendum Surcoat (Det+Det),Ascension Gloves (Det+Det),Aug Credendum Hose (Crit+Crit),Ascension Sandals (Crit+Crit),Ascension Earring (Det+DH),Aug Credendum Necklace (SS+Crit),Ascension Bracelet (Det+DH),Ascension Ring (Det+DH),Aug Credendum Ring (Det+Det),Caviar Canapes,132.0,3375.0,782,2186,2101,1147,13524.91403562,6.861%
1.618,0.7,1.412,1.0,Rod of Ascension (DH+DH),Ascension Turban (DH+DH),Ascension Robe (DH+DH),Aug Credendum Gauntlets (Det+DH),Aug Credendum Hose (DH+DH),Ascension Sandals (DH+DH),Aug Credendum Earrings (Det+DH),Aug Credendum Necklace (Crit+Crit),Aug Credendum Bracelets (DH+DH),Aug Credendum Ring (Det+Det),Ascension Ring (DH+DH),Caviar Sandwich,132.0,3375.0,1618,996,1531,2059,13524.451821568002,6.857%
47.0,77.0,-7.0,28.0,Rod of Ascension (DH+DH),Aug Credendum Circlet (SS+DH),Aug Credendum Surcoat (DH+DH),Aug Credendum Gauntlets (Crit+Crit),Ascension Longkilt (Crit+Crit),Aug Credendum Sollerets (Crit+Crit),Aug Credendum Earrings (Crit+Crit),Ascension Necklace (Crit+Crit),Ascension Bracelet (DH+DH),Aug Credendum Ring (Crit+Crit),Ascension Ring (DH+DH),Caviar Canapes,132.0,3375.0,1850,2323,798,1245,13523.754941226,6.852%
0.7,1.618,1.0,1.412,Rod of Ascension (SS+SS),Ascension Turban (Crit+Crit),Aug Credendum Surcoat (SS+SS),Ascension Gloves (SS+SS),Aug Credendum Hose (Crit+Crit),Ascension Sandals (Crit+Crit),Ascension Earring (SS+SS),Aug Credendum Necklace (SS+Crit),Ascension Bracelet (SS+SS),Ascension Ring (SS+SS),Aug Credendum Ring (Crit+Crit),Caviar Canapes,132.0,3375.0,545,2146,1779,1763,13523.067706803751,6.846%
7.0,-47.0,9.0,-49.0,Rod of Ascension (Det+Det),Aug Credendum Circlet (Det+Det),Aug Credendum Surcoat (Det+Det),Ascension Gloves (Det+DH),Aug Credendum Hose (DH+DH),Aug Credendum Sollerets (Det+Det),Ascension Earring (Det+DH),Aug Credendum Necklace (DH+DH),Aug Credendum Bracelets (DH+DH),Aug Credendum Ring (Det+Det),Ascension Ring (Det+DH),Baked Eggplant,132.0,3375.0,1182,1949,2080,1022,13522.729066181499,6.843%
1.0,1.618,0.7,1.412,Rod of Ascension (SS+SS),Aug Credendum Circlet (SS+SS),Aug Credendum Surcoat (SS+Det),Aug Credendum Gauntlets (Crit+Crit),Ascension Longkilt (Crit+Crit),Aug Credendum Sollerets (SS+Crit),Aug Credendum Earrings (Crit+Crit),Ascension Necklace (Crit+Crit),Ascension Bracelet (SS+SS),Ascension Ring (SS+SS),Aug Credendum Ring (Crit+Crit),Caviar Canapes,132.0,3375.0,1526,2304,834,1569,13519.8959375,6.821%
-47.0,-10.0,21.0,76.0,Rod of Ascension (SS+SS),Ascension Turban (Det+Det),Ascension Robe (Det+Det),Aug Credendum Gauntlets (Det+Det),Aug Credendum Hose (Crit+DH),Ascension Sandals (SS+SS),Aug Credendum Earrings (Det+Det),Aug Credendum Necklace (SS+SS),Aug Credendum Bracelets (SS+SS),Ascension Ring (SS+SS),Aug Credendum Ring (SS+Det),Caviar Sandwich,132.0,3375.0,1078,989,1694,2409,13519.586453823998,6.819%
-30.0,-15.0,42.0,78.0,Rod of Ascension (SS+SS),Ascension Turban (Det+Det),Ascension Robe (Det+Det),Aug Credendum Gauntlets (Det+Det),Aug Credendum Hose (SS+SS),Ascension Sandals (SS+SS),Aug Credendum Earrings (Det+Det),Ascension Necklace (SS+Det),Aug Credendum Bracelets (SS+SS),Aug Credendum Ring (SS+Det),Ascension Ring (SS+SS),Caviar Sandwich,132.0,3375.0,1187,851,1585,2547,13518.606150668249,6.811%
-15.0,28.0,8.0,73.0,Rod of Ascension (SS+SS),Ascension Turban (Crit+Crit),Ascension Robe (Crit+Crit),Aug Credendum Gauntlets (Crit+Crit),Aug Credendum Hose (SS+SS),Ascension Sandals (SS+SS),Aug Credendum Earrings (Crit+DH),Aug Credendum Necklace (SS+SS),Aug Credendum Bracelets (SS+Crit),Ascension Ring (SS+SS),Aug Credendum Ring (SS+Crit),Caviar Sandwich,132.0,3375.0,1078,1277,1387,2474,13516.828674783997,6.797%
16.0,87.0,-10.0,85.0,Rod of Ascension (SS+SS),Aug Credendum Circlet (SS+SS),Ascension Robe (Crit+Crit),Ascension Gloves (Det+DH),Ascension Longkilt (Crit+Crit),Aug Credendum Sollerets (SS+Crit),Aug Credendum Earrings (Crit+Crit),Ascension Necklace (Crit+Crit),Ascension Bracelet (SS+SS),Ascension Ring (SS+SS),Aug Credendum Ring (Crit+Crit),Honeyed Dragonfruit,132.0,3375.0,1740,2093,821,1579,13516.342586678,6.793%
15.0,-32.0,10.0,39.0,Rod of Ascension (SS+SS),Aug Credendum Circlet (DH+DH),Ascension Robe (DH+DH),Aug Credendum Gauntlets (Det+DH),Aug Credendum Hose (SS+SS),Ascension Sandals (SS+SS),Aug Credendum Earrings (Det+DH),Ascension Necklace (SS+Det),Aug Credendum Bracelets (SS+DH),Aug Credendum Ring (SS+Det),Ascension Ring (SS+SS),Caviar Sandwich,132.0,3375.0,1551,1035,1257,2356,13513.275927270002,6.769%
3.0,73.0,-15.0,62.0,Rod of Ascension (SS+SS),Aug Credendum Circlet (SS+SS),Ascension Robe (Crit+Crit),Aug Credendum Gauntlets (Crit+Crit),Ascension Longkilt (Crit+Crit),Aug Credendum Sollerets (SS+Crit),Aug Credendum Earrings (Crit+Crit),Ascension Necklace (Crit+Crit),Ascension Bracelet (SS+SS),Ascension Ring (SS+SS),Aug Credendum Ring (Crit+Crit),Caviar Canapes,132.0,3375.0,1730,2084,594,1825,13510.48993618875,6.747%
0.0,1.0,-1.0,1.0,Rod of Ascension (SS+SS),Aug Credendum Circlet (SS+SS),Ascension Robe (Crit+Crit),Aug Credendum Gauntlets (Crit+Crit),Ascension Longkilt (Crit+Crit),Aug Credendum Sollerets (SS+Crit),Aug Credendum Earrings (Crit+Crit),Ascension Necklace (Crit+Crit),Ascension Bracelet (SS+SS),Aug Credendum Ring (Crit+Crit),Ascension Ring (SS+SS),Caviar Canapes,132.0,3375.0,1730,2084,594,1825,13510.48993618875,6.747%
80.0,6400.0,1.0,0.0,Rod of Ascension (DH+DH),Aug Credendum Circlet (DH+DH),Aug Credendum Surcoat (DH+DH),Ascension Gloves (DH+DH),Aug Credendum Hose (SS+DH),Aug Credendum Sollerets (Crit+Crit),Ascension Earring (DH+DH),Aug Credendum Necklace (Crit+Crit),Ascension Bracelet (DH+DH),Ascension Ring (DH+DH),Aug Credendum Ring (Crit+Crit),Caviar Canapes,132.0,3375.0,1381,2305,1466,1018,13509.2779875,6.737%
0.7,1.412,1.0,1.618,Rod of Ascension (SS+SS),Ascension Turban (Crit+Crit),Aug Credendum Surcoat (SS+SS),Ascension Gloves (SS+SS),Aug Credendum Hose (SS+SS),Ascension Sandals (SS+DH),Ascension Earring (SS+SS),Aug Credendum Necklace (SS+SS),Ascension Bracelet (SS+SS),Ascension Ring (SS+SS),Aug Credendum Ring (SS+Crit),Caviar Canapes,132.0,3375.0,581,1930,1779,1943,13508.816729451999,6.734%
-24.0,4.0,39.0,60.0,Rod of Ascension (SS+SS),Ascension Turban (Det+Det),Ascension Robe (Det+Det),Aug Credendum Gauntlets (Det+Det),Aug Credendum Hose (SS+SS),Ascension Sandals (SS+SS),Aug Credendum Earrings (Det+Det),Aug Credendum Necklace (SS+SS),Aug Credendum Bracelets (SS+SS),Ascension Ring (SS+SS),Aug Credendum Ring (SS+Det),Caviar Sandwich,132.0,3375.0,1042,953,1694,2481,13508.715038129998,6.733%
0.7,1.412,1.618,1.0,Rod of Ascension (Det+Det),Ascension Turban (Det+Crit),Ascension Robe (Crit+DH),Ascension Gloves (SS+Det),Aug Credendum Hose (Crit+Crit),Ascension Sandals (Crit+Crit),Ascension Earring (SS+Det),Aug Credendum Necklace (SS+Crit),Ascension Bracelet (SS+Det),Ascension Ring (SS+Det),Aug Credendum Ring (Det+Det),Caviar Canapes,132.0,3375.0,785,1782,1899,1767,13508.389653381251,6.730%
1.618,0.7,1.0,1.412,Rod of Ascension (DH+DH),Ascension Turban (Det+DH),Ascension Robe (DH+DH),Aug Credendum Gauntlets (Det+DH),Ascension Longkilt (SS+SS),Aug Credendum Sollerets (SS+SS),Aug Credendum Earrings (Det+DH),Ascension Necklace (SS+Det),Aug Credendum Bracelets (DH+DH),Aug Credendum Ring (SS+Det),Ascension Ring (DH+DH),Honeyed Dragonfruit,132.0,3375.0,2100,1184,1008,1941,13505.643345863999,6.708%
10.0,61.0,53.0,65.0,Rod of Ascension (SS+SS),Ascension Turban (Crit+Crit),Aug Credendum Surcoat (SS+SS),Aug Credendum Gauntlets (Det+Crit),Aug Credendum Hose (SS+SS),Ascension Sandals (SS+Crit),Ascension Earring (SS+SS),Aug Credendum Necklace (SS+SS),Ascension Bracelet (SS+SS),Ascension Ring (SS+SS),Aug Credendum Ring (SS+Crit),Caviar Canapes,132.0,3375.0,674,1818,1686,2055,13504.90380585775,6.703%
-9.0,92.0,99.0,55.0,Rod of Ascension (Det+Det),Ascension Turban (Det+Crit),Aug Credendum Surcoat (Det+Det),Ascension Gloves (SS+Det),Aug Credendum Hose (Crit+Crit),Aug Credendum Sollerets (Det+Det),Ascension Earring (SS+Det),Aug Credendum Necklace (SS+Crit),Ascension Bracelet (SS+Det),Ascension Ring (SS+Det),Aug Credendum Ring (Det+Det),Caviar Sandwich,132.0,3375.0,791,1992,2063,1387,13500.35588180925,6.667%
0.0,1.0,1.0,-1.0,Rod of Ascension (Det+Det),Aug Credendum Circlet (Det+Det),Aug Credendum Surcoat (Det+Det),Ascension Gloves (Det+Det),Ascension Longkilt (Crit+Crit),Aug Credendum Sollerets (Det+Crit),Ascension Earring (Det+Det),Aug Credendum Necklace (Crit+Crit),Ascension Bracelet (Det+Det),Ascension Ring (Det+Det),Aug Credendum Ring (Crit+Crit),Baked Eggplant,132.0,3375.0,1150,2521,1713,716,13498.800963462249,6.654%
1.0,6400.0,0.0,80.0,Rod of Ascension (SS+SS),Aug Credendum Circlet (SS+SS),Ascension Robe (Det+Det),Ascension Gloves (SS+SS),Ascension Longkilt (Crit+Crit),Aug Credendum Sollerets (Crit+Crit),Ascension Earring (SS+SS),Aug Credendum Necklace (Crit+Crit),Ascension Bracelet (SS+SS),Ascension Ring (SS+SS),Aug Credendum Ring (Crit+Crit),Caviar Sandwich,132.0,3375.0,1416,2186,1042,1543,13497.740620519999,6.646%
-36.0,91.0,-30.0,92.0,Rod of Ascension (SS+SS),Ascension Turban (Crit+Crit),Aug Credendum Surcoat (SS+SS),Ascension Gloves (SS+SS),Aug Credendum Hose (SS+SS),Ascension Sandals (SS+Crit),Aug Credendum Earrings (Det+DH),Aug Credendum Necklace (SS+SS),Ascension Bracelet (SS+SS),Ascension Ring (SS+SS),Aug Credendum Ring (SS+Crit),Caviar Sandwich,132.0,3375.0,745,1718,1713,2057,13496.760272754002,6.638%
2.0,1.0,72.0,61.0,Rod of Ascension (Det+Det),Ascension Turban (Det+Det),Ascension Robe (Det+Det),Aug Credendum Gauntlets (Det+Det),Aug Credendum Hose (SS+SS),Ascension Sandals (SS+SS),Aug Credendum Earrings (Det+Det),Aug Credendum Necklace (SS+SS),Aug Credendum Bracelets (SS+SS),Ascension Ring (SS+Det),Aug Credendum Ring (Det+Det),Honeyed Dragonfruit,132.0,3375.0,1078,953,1900,2234,13495.782755623997,6.631%
16.0,96.0,86.0,30.0,Rod of Ascension (Det+Det),Aug Credendum Circlet (Det+Det),Aug Credendum Surcoat (Det+Det),Ascension Gloves (Det+Det),Aug Credendum Hose (Crit+Crit),Ascension Sandals (Crit+Crit),Ascension Earring (SS+Det),Aug Credendum Necklace (SS+Crit),Ascension Bracelet (SS+SS),Ascension Ring (SS+Det),Aug Credendum Ring (Crit+Crit),Caviar Sandwich,132.0,3375.0,736,2155,1993,1332,13495.637173535999,6.629%
32.0,95.0,92.0,39.0,Rod of Ascension (Det+Det),Aug Credendum Circlet (SS+Det),Aug Credendum Surcoat (Det+Det),Ascension Gloves (Det+Det),Aug Credendum Hose (Crit+Crit),Ascension Sandals (Crit+Crit),Ascension Earring (SS+Det),Aug Credendum Necklace (SS+Crit),Ascension Bracelet (SS+Det),Ascension Ring (SS+Det),Aug Credendum Ring (Crit+Crit),Caviar Sandwich,132.0,3375.0,736,2155,1993,1332,13495.637173535999,6.629%
0.7,1.0,1.618,1.412,Rod of Ascension (Det+Det),Ascension Turban (Det+Crit),Aug Credendum Surcoat (Det+Det),Ascension Gloves (SS+Det),Aug Credendum Hose (Crit+Crit),Ascension Sandals (SS+Crit),Ascension Earring (SS+Det),Aug Credendum Necklace (SS+SS),Aug Credendum Bracelets (SS+Crit),Ascension Ring (SS+Det),Aug Credendum Ring (Det+Det),Caviar Sandwich,132.0,3375.0,599,1754,2182,1690,13490.193398864,6.586%
50.0,-22.0,10.0,77.0,Rod of Ascension (SS+SS),Ascension Turban (DH+DH),Ascension Robe (DH+DH),Aug Credendum Gauntlets (DH+DH),Aug Credendum Hose (SS+SS),Ascension Sandals (SS+DH),Aug Credendum Earrings (Det+DH),Ascension Necklace (SS+SS),Ascension Bracelet (Det+DH),Aug Credendum Ring (SS+SS),Ascension Ring (SS+SS),Honeyed Dragonfruit,132.0,3375.0,1535,996,1333,2294,13489.697992832002,6.582%
1.0,1000000.0,1000.0,0.0,Rod of Ascension (Det+Det),Aug Credendum Circlet (Det+Det),Aug Credendum Surcoat (Det+Det),Ascension Gloves (SS+Det),Ascension Longkilt (Crit+Crit),Aug Credendum Sollerets (Crit+Crit),Ascension Earring (Det+Det),Aug Credendum Necklace (Crit+Crit),Ascension Bracelet (Det+Det),Ascension Ring (Det+Det),Aug Credendum Ring (Crit+Crit),Baked Eggplant,132.0,3375.0,1150,2540,1658,752,13487.39912109375,6.564%
-30.0,68.0,-31.0,-34.0,Rod of Ascension (DH+DH),Aug Credendum Circlet (DH+DH),Aug Credendum Surcoat (DH+DH),Ascension Gloves (Det+DH),Ascension Longkilt (Crit+Crit),Aug Credendum Sollerets (Crit+Crit),Ascension Earring (Det+Det),Aug Credendum Necklace (Crit+Crit),Ascension Bracelet (Det+Det),Ascension Ring (Det+Det),Aug Credendum Ring (Crit+Crit),Baked Eggplant,132.0,3375.0,1385,2540,1442,716,13485.1962890625,6.547%
1.618,1.412,0.7,1.0,Rod of Ascension (DH+DH),Aug Credendum Circlet (SS+DH),Ascension Robe (DH+DH),Aug Credendum Gauntlets (Crit+DH),Ascension Longkilt (Det+Det),Aug Credendum Sollerets (SS+Crit),Aug Credendum Earrings (Crit+DH),Ascension Necklace (Crit+Crit),Ascension Bracelet (DH+DH),Aug Credendum Ring (Crit+Crit),Ascension Ring (DH+DH),Caviar Canapes,132.0,3375.0,2126,1868,666,1573,13485.087043911999,6.546%
1.0,1.412,0.7,1.618,Rod of Ascension (SS+SS),Aug Credendum Circlet (SS+SS),Ascension Robe (Crit+Crit),Aug Credendum Gauntlets (Crit+Crit),Ascension Longkilt (SS+SS),Aug Credendum Sollerets (SS+SS),Aug Credendum Earrings (Crit+DH),Ascension Necklace (SS+Crit),Ascension Bracelet (SS+SS),Aug Credendum Ring (SS+Crit),Ascension Ring (SS+SS),Caviar Canapes,132.0,3375.0,1766,1868,594,2005,13481.539861919999,6.518%
-20.0,28.0,89.0,47.0,Rod of Ascension (Det+Det),Ascension Turban (Det+Det),Aug Credendum Surcoat (Det+Det),Aug Credendum Gauntlets (Det+Crit),Aug Credendum Hose (SS+SS),Ascension Sandals (SS+Crit),Ascension Earring (SS+Det),Aug Credendum Necklace (SS+SS),Aug Credendum Bracelets (SS+Crit),Ascension Ring (SS+Det),Aug Credendum Ring (Det+Det),Baked Eggplant,132.0,3375.0,674,1560,2175,1807,13479.045441186001,6.498%
48.0,81.0,98.0,52.0,Rod of Ascension (Det+Det),Ascension Turban (Det+Crit),Aug Credendum Surcoat (Det+Det),Ascension Gloves (SS+Det),Aug Credendum Hose (Crit+Crit),Ascension Sandals (SS+DH),Ascension Earring (SS+Det),Aug Credendum Necklace (SS+Crit),Ascension Bracelet (SS+Det),Ascension Ring (SS+Det),Aug Credendum Ring (Det+Det),Caviar Canapes,132.0,3375.0,581,1966,2175,1511,13479.001914903996,6.498%
1.412,1.0,0.7,1.618,Rod of Ascension (SS+SS),Ascension Turban (DH+DH),Ascension Robe (DH+DH),Aug Credendum Gauntlets (Crit+DH),Ascension Longkilt (SS+SS),Aug Credendum Sollerets (SS+SS),Aug Credendum Earrings (Crit+DH),Ascension Necklace (SS+Crit),Ascension Bracelet (SS+DH),Aug Credendum Ring (SS+Crit),Ascension Ring (SS+SS),Caviar Canapes,132.0,3375.0,1853,1576,723,2081,13475.283455985,6.469%
-29.0,72.0,11.0,-7.0,Rod of Ascension (Det+Det),Aug Credendum Circlet (Det+Det),Aug Credendum Surcoat (Det+Det),Ascension Gloves (Det+Det),Ascension Longkilt (Det+Det),Aug Credendum Sollerets (Crit+Crit),Ascension Earring (Det+Det),Aug Credendum Necklace (Crit+Crit),Ascension Bracelet (Det+Det),Ascension Ring (Det+Det),Aug Credendum Ring (Crit+Crit),Caviar Canapes,132.0,3375.0,1150,2509,1646,778,13474.916920224,6.466%
0.0,1000000.0,1000.0,1.0,Rod of Ascension (Det+Det),Aug Credendum Circlet (Det+Det),Aug Credendum Surcoat (Det+Det),Ascension Gloves (Det+Det),Ascension Longkilt (Crit+Crit),Ascension Sandals (SS+DH),Ascension Earring (Det+Det),Aug Credendum Necklace (Crit+Crit),Ascension Bracelet (Det+Det),Ascension Ring (Det+Det),Aug Credendum Ring (Crit+Crit),Caviar Canapes,132.0,3375.0,1002,2397,1758,943,13474.294969500002,6.461%
1.618,1.0,0.7,1.412,Rod of Ascension (DH+DH),Aug Credendum Circlet (SS+DH),Ascension Robe (DH+DH),Aug Credendum Gauntlets (Crit+DH),Ascension Longkilt (SS+SS),Aug Credendum Sollerets (SS+SS),Aug Credendum Earrings (Crit+DH),Aug Credendum Necklace (Crit+DH),Aug Credendum Bracelets (DH+DH),Aug Credendum Ring (SS+Crit),Ascension Ring (DH+DH),Caviar Canapes,132.0,3375.0,2017,1717,782,1717,13471.947369144002,6.442%
-34.0,80.0,7.0,-35.0,Rod of Ascension (Det+Det),Aug Credendum Circlet (Det+Det),Aug Credendum Surcoat (Det+Det),Ascension Gloves (Det+Det),Ascension Longkilt (Crit+Crit),Aug Credendum Sollerets (Crit+Crit),Aug Credendum Earrings (Det+Det),Aug Credendum Necklace (Crit+Crit),Ascension Bracelet (Det+Det),Ascension Ring (Det+Det),Aug Credendum Ring (Crit+Crit),Baked Eggplant,132.0,3375.0,1252,2395,1604,861,13471.819620600001,6.441%
44.0,75.0,-23.0,-7.0,Rod of Ascension (DH+DH),Aug Credendum Circlet (DH+DH),Ascension Robe (Det+DH),Ascension Gloves (DH+DH),Ascension Longkilt (Crit+Crit),Aug Credendum Sollerets (Crit+Crit),Ascension Earring (DH+DH),Ascension Necklace (Crit+Crit),Ascension Bracelet (DH+DH),Ascension Ring (DH+DH),Aug Credendum Ring (Crit+Crit),Honeyed Dragonfruit,132.0,3375.0,2053,2113,923,1110,13471.288082099998,6.437%
29.0,45.0,-5.0,44.0,Rod of Ascension (SS+SS),Aug Credendum Circlet (SS+SS),Ascension Robe (Crit+Crit),Aug Credendum Gauntlets (Crit+Crit),Ascension Longkilt (Crit+Crit),Aug Credendum Sollerets (SS+Crit),Aug Credendum Earrings (DH+DH),Ascension Necklace (Crit+Crit),Ascension Bracelet (SS+SS),Aug Credendum Ring (Crit+Crit),Ascension Ring (SS+SS),Caviar Canapes,132.0,3375.0,1773,2012,594,1825,13471.183509149752,6.436%
15.0,30.0,-44.0,14.0,Rod of Ascension (DH+DH),Aug Credendum Circlet (SS+DH),Ascension Robe (Crit+Crit),Aug Credendum Gauntlets (Crit+Crit),Ascension Longkilt (Crit+Crit),Aug Credendum Sollerets (Crit+Crit),Aug Credendum Earrings (Crit+Crit),Ascension Necklace (Det+Det),Ascension Bracelet (DH+DH),Aug Credendum Ring (Crit+Crit),Ascension Ring (DH+DH),Caviar Canapes,132.0,3375.0,1982,2031,666,1537,13470.904083986248,6.434%
-38.0,35.0,11.0,88.0,Rod of Ascension (SS+SS),Aug Credendum Circlet (DH+DH),Ascension Robe (Crit+Crit),Ascension Gloves (SS+SS),Aug Credendum Hose (SS+SS),Ascension Sandals (SS+SS),Ascension Earring (SS+SS),Aug Credendum Necklace (SS+SS),Aug Credendum Bracelets (SS+Crit),Ascension Ring (SS+SS),Aug Credendum Ring (SS+Crit),Baked Eggplant,132.0,3375.0,933,1672,1592,2002,13468.9486699755,6.419%
1.0,6400.0,80.0,0.0,Rod of Ascension (Det+Det),Aug Credendum Circlet (Det+Det),Aug Credendum Surcoat (Det+Det),Ascension Gloves (Det+Det),Ascension Longkilt (Crit+Crit),Aug Credendum Sollerets (Crit+Crit),Ascension Earring (Det+Det),Aug Credendum Necklace (Crit+Crit),Aug Credendum Bracelets (Crit+DH),Ascension Ring (Det+Det),Aug Credendum Ring (Crit+Crit),Caviar Canapes,132.0,3375.0,1186,2472,1574,880,13468.207753308001,6.413%
36.0,-36.0,81.0,-50.0,Rod of Ascension (SS+DH),Ascension Turban (Det+Det),Aug Credendum Surcoat (Det+Det),Ascension Gloves (Det+Det),Aug Credendum Hose (DH+DH),Ascension Sandals (DH+DH),Ascension Earring (Det+DH),Aug Credendum Necklace (DH+DH),Aug Credendum Bracelets (DH+DH),Ascension Ring (Det+DH),Aug Credendum Ring (Det+Det),Caviar Sandwich,132.0,3375.0,1003,1574,2148,1474,13467.2220899775,6.405%
1.0,0.0,80.0,6400.0,Rod of Ascension (SS+SS),Ascension Turban (Det+Det),Ascension Robe (Det+Det),Aug Credendum Gauntlets (Det+Det),Aug Credendum Hose (SS+SS),Ascension Sandals (SS+SS),Aug Credendum Earrings (Det+Det),Ascension Necklace (SS+SS),Aug Credendum Bracelets (SS+SS),Aug Credendum Ring (SS+SS),Ascension Ring (SS+SS),Caviar Sandwich,132.0,3375.0,1187,851,1513,2561,13464.580239129,6.384%
4.0,12.0,53.0,-41.0,Rod of Ascension (Det+Det),Aug Credendum Circlet (Det+Det),Aug Credendum Surcoat (Det+Det),Ascension Gloves (Det+Det),Aug Credendum Hose (Crit+Crit),Aug Credendum Sollerets (Det+Det),Aug Credendum Earrings (Det+DH),Aug Credendum Necklace (Crit+DH),Ascension Bracelet (Det+Det),Ascension Ring (Det+Det),Aug Credendum Ring (Det+Det),Caviar Canapes,132.0,3375.0,1032,2098,1901,1127,13464.545077187999,6.384%
-8.0,27.0,-26.0,27.0,Rod of Ascension (SS+SS),Aug Credendum Circlet (SS+SS),Ascension Robe (Crit+Crit),Aug Credendum Gauntlets (Crit+Crit),Ascension Longkilt (Crit+Crit),Aug Credendum Sollerets (SS+Crit),Aug Credendum Earrings (Crit+Crit),Ascension Necklace (Crit+Crit),Aug Credendum Bracelets (SS+SS),Aug Credendum Ring (Crit+Crit),Ascension Ring (SS+SS),Caviar Sandwich,132.0,3375.0,1792,1836,637,1939,13463.309571157,6.374%
6400.0,1.0,80.0,0.0,Rod of Ascension (DH+DH),Ascension Turban (DH+DH),Ascension Robe (DH+DH),Aug Credendum Gauntlets (DH+DH),Ascension Longkilt (Det+Det),Aug Credendum Sollerets (Det+Det),Aug Credendum Earrings (DH+DH),Ascension Necklace (Det+Det),Aug Credendum Bracelets (DH+DH),Aug Credendum Ring (Det+Det),Ascension Ring (DH+DH),Caviar Sandwich,132.0,3375.0,2121,1184,1054,1828,13459.096500564001,6.341%
-7.0,88.0,19.0,98.0,Rod of Ascension (SS+SS),Ascension Turban (Crit+Crit),Aug Credendum Surcoat (SS+SS),Ascension Gloves (SS+SS),Aug Credendum Hose (SS+SS),Ascension Sandals (SS+Crit),Ascension Earring (SS+SS),Aug Credendum Necklace (SS+SS),Aug Credendum Bracelets (SS+SS),Ascension Ring (SS+SS),Aug Credendum Ring (SS+Crit),Baked Eggplant,132.0,3375.0,545,1780,1925,1954,13458.311626387504,6.335%
0.0,6400.0,80.0,1.0,Rod of Ascension (Det+Det),Aug Credendum Circlet (Det+Det),Aug Credendum Surcoat (Det+Det),Ascension Gloves (Det+Det),Ascension Longkilt (Crit+Crit),Ascension Sandals (DH+DH),Ascension Earring (Det+Det),Aug Credendum Necklace (Crit+Crit),Ascension Bracelet (Det+Det),Ascension Ring (Det+Det),Aug Credendum Ring (Crit+Crit),Caviar Canapes,132.0,3375.0,1038,2397,1758,907,13456.8887424,6.323%
6400.0,0.0,80.0,1.0,Rod of Ascension (DH+DH),Aug Credendum Circlet (DH+DH),Aug Credendum Surcoat (Det+DH),Aug Credendum Gauntlets (DH+DH),Ascension Longkilt (Det+Det),Aug Credendum Sollerets (Det+Det),Aug Credendum Earrings (DH+DH),Ascension Necklace (Det+Det),Aug Credendum Bracelets (DH+DH),Aug Credendum Ring (Det+Det),Ascension Ring (DH+DH),Caviar Sandwich,132.0,3375.0,1993,1660,1165,1352,13453.116160068,6.293%
1.0,1.0,-1.0,0.0,Rod of Ascension (DH+DH),Aug Credendum Circlet (DH+DH),Ascension Robe (DH+DH),Aug Credendum Gauntlets (Crit+DH),Ascension Longkilt (Crit+Crit),Aug Credendum Sollerets (Crit+Crit),Aug Credendum Earrings (Crit+DH),Ascension Necklace (Crit+Crit),Ascension Bracelet (SS+Det),Aug Credendum Ring (Crit+Crit),Ascension Ring (DH+DH),Caviar Canapes,132.0,3375.0,2073,1959,630,1537,13447.437512063998,6.249%
80.0,1.0,0.0,6400.0,Rod of Ascension (SS+DH),Ascension Turban (DH+DH),Ascension Robe (DH+DH),Aug Credendum Gauntlets (DH+DH),Aug Credendum Hose (SS+SS),Ascension Sandals (SS+SS),Aug Credendum Earrings (DH+DH),Ascension Necklace (SS+SS),Aug Credendum Bracelets (SS+SS),Aug Credendum Ring (SS+SS),Ascension Ring (SS+SS),Caviar Sandwich,132.0,3375.0,1465,851,1242,2525,13447.289693780998,6.247%
1.0,1000.0,0.0,1000000.0,Rod of Ascension (SS+SS),Ascension Turban (Crit+Crit),Ascension Robe (Crit+Crit),Aug Credendum Gauntlets (Crit+Crit),Aug Credendum Hose (SS+DH),Ascension Sandals (SS+SS),Aug Credendum Earrings (Crit+Crit),Ascension Necklace (SS+SS),Aug Credendum Bracelets (SS+SS),Aug Credendum Ring (SS+SS),Ascension Ring (SS+SS),Caviar Sandwich,132.0,3375.0,1223,1139,1242,2525,13447.119852133497,6.246%
80.0,0.0,1.0,6400.0,Rod of Ascension (SS+SS),Ascension Turban (DH+DH),Ascension Robe (DH+DH),Aug Credendum Gauntlets (DH+DH),Aug Credendum Hose (SS+SS),Ascension Sandals (SS+Crit),Aug Credendum Earrings (DH+DH),Ascension Necklace (SS+SS),Aug Credendum Bracelets (SS+SS),Aug Credendum Ring (SS+SS),Ascension Ring (SS+SS),Caviar Sandwich,132.0,3375.0,1429,887,1242,2542,13441.132896662248,6.199%
0.0,80.0,1.0,6400.0,Rod of Ascension (SS+SS),Ascension Turban (Crit+Crit),Ascension Robe (Crit+Crit),Ascension Gloves (SS+DH),Aug Credendum Hose (SS+SS),Ascension Sandals (SS+SS),Aug Credendum Earrings (Crit+Crit),Ascension Necklace (SS+SS),Aug Credendum Bracelets (SS+SS),Aug Credendum Ring (SS+SS),Ascension Ring (SS+SS),Caviar Sandwich,132.0,3375.0,1094,1251,1371,2413,13439.61405675,6.187%
-1.0,0.0,1.0,1.0,Rod of Ascension (Det+Det),Ascension Turban (Det+Det),Ascension Robe (DH+DH),Ascension Gloves (SS+Det),Aug Credendum Hose (SS+SS),Ascension Sandals (SS+SS),Ascension Earring (SS+Det),Aug Credendum Necklace (SS+SS),Aug Credendum Bracelets (SS+SS),Ascension Ring (SS+Det),Aug Credendum Ring (Det+Det),Caviar Sandwich,132.0,3375.0,883,1282,1925,2080,13439.48713636,6.186%
1.0,-1.0,0.0,1.0,Rod of Ascension (DH+DH),Ascension Turban (DH+DH),Ascension Robe (DH+DH),Aug Credendum Gauntlets (DH+DH),Aug Credendum Hose (DH+DH),Ascension Sandals (DH+DH),Aug Credendum Earrings (DH+DH),Ascension Necklace (SS+SS),Ascension Bracelet (SS+DH),Aug Credendum Ring (SS+SS),Ascension Ring (DH+DH),Caviar Sandwich,132.0,3375.0,1753,996,1199,2181,13438.985000640001,6.182%
15.0,48.0,88.0,-11.0,Rod of Ascension (SS+SS),Aug Credendum Circlet (Det+Det),Aug Credendum Surcoat (Det+Det),Ascension Gloves (Det+Det),Aug Credendum Hose (Crit+Crit),Ascension Sandals (Crit+Crit),Ascension Earring (Det+Det),Aug Credendum Necklace (Crit+DH),Ascension Bracelet (Det+Det),Ascension Ring (Det+Det),Aug Credendum Ring (Det+Det),Caviar Canapes,132.0,3375.0,710,2186,2050,1183,13438.329019128001,6.177%
-35.0,-9.0,86.0,73.0,Rod of Ascension (DH+DH),Ascension Turban (Det+Det),Aug Credendum Surcoat (Det+Det),Ascension Gloves (SS+Det),Aug Credendum Hose (SS+SS),Ascension Sandals (SS+SS),Aug Credendum Earrings (Det+Det),Aug Credendum Necklace (SS+SS),Aug Credendum Bracelets (SS+SS),Ascension Ring (SS+Det),Aug Credendum Ring (Det+Det),Caviar Sandwich,132.0,3375.0,781,1429,2063,1897,13436.202102300003,6.160%
-10.0,-25.0,-44.0,52.0,Rod of Ascension (SS+SS),Ascension Turban (DH+DH),Ascension Robe (DH+DH),Aug Credendum Gauntlets (DH+DH),Aug Credendum Hose (SS+SS),Ascension Sandals (SS+SS),Aug Credendum Earrings (DH+DH),Ascension Necklace (SS+SS),Aug Credendum Bracelets (SS+SS),Aug Credendum Ring (SS+SS),Ascension Ring (SS+SS),Caviar Sandwich,132.0,3375.0,1429,851,1242,2561,13435.370099725247,6.153%
-23.0,50.0,45.0,-9.0,Rod of Ascension (Det+Det),Aug Credendum Circlet (Det+Det),Aug Credendum Surcoat (Det+Det),Ascension Gloves (Det+Det),Aug Credendum Hose (Crit+Crit),Ascension Sandals (Crit+Crit),Ascension Earring (Det+Det),Aug Credendum Necklace (Crit+Crit),Aug Credendum Bracelets (DH+DH),Ascension Ring (Det+Det),Aug Credendum Ring (Crit+Crit),Caviar Sandwich,132.0,3375.0,808,2017,2050,1254,13428.165887000001,6.096%
-19.0,18.0,66.0,-40.0,Rod of Ascension (Det+Det),Aug Credendum Circlet (Det+Det),Aug Credendum Surcoat (Det+Det),Ascension Gloves (Det+Det),Aug Credendum Hose (Crit+Crit),Ascension Sandals (Crit+Crit),Ascension Earring (Det+Det),Aug Credendum Necklace (Crit+Crit),Ascension Bracelet (DH+DH),Ascension Ring (Det+Det),Aug Credendum Ring (Det+Det),Baked Eggplant,132.0,3375.0,746,2152,2182,1049,13427.459409999996,6.091%
1000000.0,1000.0,1.0,0.0,Rod of Ascension (DH+DH),Aug Credendum Circlet (DH+DH),Ascension Robe (DH+DH),Aug Credendum Gauntlets (DH+DH),Ascension Longkilt (Crit+Crit),Aug Credendum Sollerets (Crit+Crit),Ascension Earring (SS+Det),Ascension Necklace (Crit+Crit),Ascension Bracelet (DH+DH),Aug Credendum Ring (Crit+Crit),Ascension Ring (DH+DH),Caviar Canapes,132.0,3375.0,2026,2032,732,1392,13427.133263032498,6.088%
0.0,1000.0,1.0,1000000.0,Rod of Ascension (SS+SS),Ascension Turban (Crit+Crit),Ascension Robe (Crit+Crit),Aug Credendum Gauntlets (Crit+Crit),Aug Credendum Hose (SS+SS),Aug Credendum Sollerets (Det+Crit),Aug Credendum Earrings (Crit+Crit),Ascension Necklace (SS+SS),Aug Credendum Bracelets (SS+SS),Aug Credendum Ring (SS+SS),Ascension Ring (SS+SS),Caviar Sandwich,132.0,3375.0,1371,1304,1094,2377,13426.421502843748,6.083%
80.0,1.0,6400.0,0.0,Rod of Ascension (Det+Det),Ascension Turban (Det+Det),Aug Credendum Surcoat (Det+Det),Ascension Gloves (Det+Det),Aug Credendum Hose (DH+DH),Aug Credendum Sollerets (SS+Det),Ascension Earring (Det+Det),Aug Credendum Necklace (DH+DH),Aug Credendum Bracelets (DH+DH),Ascension Ring (Det+Det),Aug Credendum Ring (Det+Det),Caviar Canapes,132.0,3375.0,945,1806,2086,1304,13424.404948645999,6.067%
43.0,-27.0,-6.0,29.0,Rod of Ascension (DH+DH),Ascension Turban (DH+DH),Ascension Robe (DH+DH),Aug Credendum Gauntlets (DH+DH),Ascension Longkilt (SS+SS),Aug Credendum Sollerets (SS+SS),Ascension Earring (Det+DH),Ascension Necklace (SS+SS),Aug Credendum Bracelets (DH+DH),Aug Credendum Ring (SS+SS),Ascension Ring (DH+DH),Honeyed Dragonfruit,132.0,3375.0,2053,1329,966,1810,13423.209437286998,6.057%
1000.0,0.0,1.0,1000000.0,Rod of Ascension (SS+SS),Ascension Turban (DH+DH),Ascension Robe (DH+DH),Aug Credendum Gauntlets (DH+DH),Aug Credendum Hose (SS+SS),Aug Credendum Sollerets (Det+Det),Aug Credendum Earrings (DH+DH),Ascension Necklace (SS+SS),Aug Credendum Bracelets (SS+SS),Aug Credendum Ring (SS+SS),Ascension Ring (SS+SS),Caviar Sandwich,132.0,3375.0,1613,980,1130,2377,13422.50472537975,6.052%
1000000.0,1.0,1000.0,0.0,Rod of Ascension (DH+DH),Aug Credendum Circlet (DH+DH),Ascension Robe (DH+DH),Aug Credendum Gauntlets (DH+DH),Ascension Longkilt (Det+Det),Aug Credendum Sollerets (Det+Det),Aug Credendum Earrings (DH+DH),Ascension Necklace (Det+Det),Aug Credendum Bracelets (DH+DH),Aug Credendum Ring (Det+Det),Ascension Ring (DH+DH),Caviar Canapes,132.0,3375.0,2171,1471,925,1603,13421.288861183999,6.042%
0.0,1.0,80.0,6400.0,Rod of Ascension (SS+SS),Ascension Turban (Det+Det),Aug Credendum Surcoat (SS+SS),Aug Credendum Gauntlets (Det+Det),Aug Credendum Hose (SS+SS),Ascension Sandals (SS+SS),Aug Credendum Earrings (Det+Det),Ascension Necklace (SS+SS),Aug Credendum Bracelets (SS+SS),Aug Credendum Ring (SS+SS),Ascension Ring (SS+SS),Caviar Canapes,132.0,3375.0,921,1246,1645,2300,13418.121140375,6.017%
1000.0,0.0,1000000.0,1.0,Rod of Ascension (Det+Det),Ascension Turban (Det+Det),Aug Credendum Surcoat (Det+Det),Ascension Gloves (Det+DH),Aug Credendum Hose (DH+DH),Ascension Sandals (DH+DH),Ascension Earring (Det+Det),Aug Credendum Necklace (DH+DH),Aug Credendum Bracelets (DH+DH),Ascension Ring (Det+Det),Aug Credendum Ring (Det+Det),Caviar Canapes,132.0,3375.0,869,1677,2215,1397,13414.96640624,5.992%
1000000.0,1000.0,0.0,1.0,Rod of Ascension (DH+DH),Aug Credendum Circlet (SS+DH),Ascension Robe (DH+DH),Aug Credendum Gauntlets (DH+DH),Ascension Longkilt (Crit+Crit),Aug Credendum Sollerets (Crit+Crit),Aug Credendum Earrings (DH+DH),Ascension Necklace (Crit+Crit),Ascension Bracelet (DH+DH),Aug Credendum Ring (Crit+Crit),Ascension Ring (DH+DH),Caviar Sandwich,132.0,3375.0,2214,1784,594,1578,13414.545451406253,5.989%
91.0,46.0,-22.0,16.0,Rod of Ascension (DH+DH),Aug Credendum Circlet (DH+DH),Ascension Robe (DH+DH),Aug Credendum Gauntlets (DH+DH),Ascension Longkilt (Crit+Crit),Aug Credendum Sollerets (Crit+Crit),Aug Credendum Earrings (Crit+DH),Ascension Necklace (Crit+Crit),Ascension Bracelet (DH+DH),Aug Credendum Ring (Crit+Crit),Ascension Ring (DH+DH),Caviar Sandwich,132.0,3375.0,2226,1820,594,1542,13413.089714024001,5.977%
61.0,18.0,4.0,3.0,Rod of Ascension (DH+DH),Aug Credendum Circlet (DH+DH),Ascension Robe (DH+DH),Aug Credendum Gauntlets (DH+DH),Ascension Longkilt (Crit+Crit),Aug Credendum Sollerets (Crit+Crit),Aug Credendum Earrings (Crit+DH),Ascension Necklace (Crit+Crit),Ascension Bracelet (Det+DH),Aug Credendum Ring (Crit+Crit),Ascension Ring (DH+DH),Honeyed Dragonfruit,132.0,3375.0,2231,1820,692,1439,13412.733089827501,5.974%
1.0,80.0,0.0,6400.0,Rod of Ascension (SS+SS),Ascension Turban (Crit+Crit),Aug Credendum Surcoat (DH+DH),Aug Credendum Gauntlets (Crit+Crit),Aug Credendum Hose (SS+SS),Ascension Sandals (SS+SS),Aug Credendum Earrings (Crit+Crit),Ascension Necklace (SS+SS),Aug Credendum Bracelets (SS+SS),Aug Credendum Ring (SS+SS),Ascension Ring (SS+SS),Caviar Canapes,132.0,3375.0,993,1462,1446,2228,13410.41806702575,5.956%
6400.0,80.0,0.0,1.0,Rod of Ascension (DH+DH),Aug Credendum Circlet (DH+DH),Ascension Robe (DH+DH),Aug Credendum Gauntlets (Crit+DH),Ascension Longkilt (Crit+Crit),Aug Credendum Sollerets (Crit+Crit),Aug Credendum Earrings (DH+DH),Ascension Necklace (Crit+Crit),Ascension Bracelet (DH+DH),Aug Credendum Ring (Crit+Crit),Ascension Ring (DH+DH),Caviar Sandwich,132.0,3375.0,2214,1820,594,1542,13404.2029496375,5.907%
-46.0,50.0,51.0,-36.0,Rod of Ascension (Det+Det),Aug Credendum Circlet (Det+Det),Aug Credendum Surcoat (Det+Det),Ascension Gloves (Det+Det),Aug Credendum Hose (Crit+Crit),Ascension Sandals (Crit+Crit),Aug Credendum Earrings (DH+DH),Aug Credendum Necklace (Crit+Crit),Ascension Bracelet (Det+Det),Ascension Ring (Det+Det),Aug Credendum Ring (Det+Det),Baked Eggplant,132.0,3375.0,819,2007,2080,1194,13403.037424452003,5.898%
98.0,-33.0,-18.0,-12.0,Rod of Ascension (DH+DH),Ascension Turban (Det+Crit),Ascension Robe (DH+DH),Aug Credendum Gauntlets (DH+DH),Ascension Longkilt (SS+SS),Aug Credendum Sollerets (SS+SS),Aug Credendum Earrings (DH+DH),Ascension Necklace (SS+SS),Aug Credendum Bracelets (DH+DH),Aug Credendum Ring (SS+SS),Ascension Ring (DH+DH),Caviar Sandwich,132.0,3375.0,2049,1220,802,2058,13401.143083988001,5.883%
-1.0,1.0,1.0,0.0,Rod of Ascension (Det+Det),Ascension Turban (Crit+Crit),Aug Credendum Surcoat (Det+Det),Aug Credendum Gauntlets (Det+DH),Aug Credendum Hose (Crit+Crit),Ascension Sandals (Crit+Crit),Ascension Earring (Det+Det),Aug Credendum Necklace (Crit+Crit),Ascension Bracelet (Det+Det),Ascension Ring (Det+Det),Aug Credendum Ring (Crit+Crit),Baked Eggplant,132.0,3375.0,710,1928,2062,1417,13399.9907514,5.874%
59.0,-41.0,-44.0,49.0,Rod of Ascension (SS+SS),Ascension Turban (DH+DH),Ascension Robe (DH+DH),Aug Credendum Gauntlets (DH+DH),Ascension Longkilt (SS+SS),Aug Credendum Sollerets (SS+SS),Aug Credendum Earrings (DH+DH),Ascension Necklace (SS+SS),Aug Credendum Bracelets (DH+DH),Aug Credendum Ring (SS+SS),Ascension Ring (DH+DH),Caviar Sandwich,132.0,3375.0,2049,1184,766,2130,13399.830839472,5.872%
6400.0,0.0,1.0,80.0,Rod of Ascension (DH+DH),Aug Credendum Circlet (DH+DH),Ascension Robe (DH+DH),Aug Credendum Gauntlets (DH+DH),Ascension Longkilt (SS+SS),Aug Credendum Sollerets (SS+SS),Aug Credendum Earrings (DH+DH),Aug Credendum Necklace (Crit+DH),Aug Credendum Bracelets (DH+DH),Aug Credendum Ring (SS+SS),Ascension Ring (DH+DH),Caviar Canapes,132.0,3375.0,2062,1609,782,1688,13398.719049264997,5.864%
-3.0,-30.0,45.0,-50.0,Rod of Ascension (Det+Det),Ascension Turban (Det+Det),Aug Credendum Surcoat (Det+Det),Aug Credendum Gauntlets (Det+Crit),Aug Credendum Hose (DH+DH),Ascension Sandals (DH+DH),Ascension Earring (Det+Det),Aug Credendum Necklace (DH+DH),Ascension Bracelet (Det+Det),Ascension Ring (Det+Det),Aug Credendum Ring (Det+Det),Baked Eggplant,132.0,3375.0,890,1633,2189,1417,13397.622656320502,5.855%
80.0,0.0,6400.0,1.0,Rod of Ascension (Det+Det),Ascension Turban (Det+Det),Aug Credendum Surcoat (Det+Det),Ascension Gloves (Det+Det),Aug Credendum Hose (DH+DH),Ascension Sandals (DH+DH),Ascension Earring (Det+Det),Aug Credendum Necklace (DH+DH),Aug Credendum Bracelets (DH+DH),Ascension Ring (Det+Det),Aug Credendum Ring (Det+Det),Caviar Canapes,132.0,3375.0,833,1677,2234,1397,13394.9822655,5.834%
1.0,1000.0,1000000.0,0.0,Rod of Ascension (Det+Det),Ascension Turban (Det+Crit),Aug Credendum Surcoat (Det+Det),Ascension Gloves (Det+Det),Aug Credendum Hose (Crit+Crit),Ascension Sandals (Crit+Crit),Ascension Earring (Det+Det),Aug Credendum Necklace (Crit+Crit),Ascension Bracelet (Det+Det),Ascension Ring (Det+Det),Aug Credendum Ring (Det+Det),Caviar Canapes,132.0,3375.0,545,2045,2215,1295,13394.066165721002,5.827%
-34.0,-24.0,2.0,-6.0,Rod of Ascension (Det+Det),Ascension Turban (Det+Det),Aug Credendum Surcoat (Det+Det),Ascension Gloves (Det+Det),Aug Credendum Hose (SS+SS),Ascension Sandals (SS+SS),Ascension Earring (Det+Det),Aug Credendum Necklace (SS+SS),Aug Credendum Bracelets (SS+DH),Ascension Ring (Det+Det),Aug Credendum Ring (Det+Det),Baked Eggplant,132.0,3375.0,581,1636,2337,1570,13392.247573799998,5.813%
0.0,1000.0,1000000.0,1.0,Rod of Ascension (Det+Det),Ascension Turban (Det+Det),Aug Credendum Surcoat (Det+Det),Ascension Gloves (Det+Det),Aug Credendum Hose (Crit+Crit),Ascension Sandals (Crit+Crit),Ascension Earring (Det+Det),Aug Credendum Necklace (DH+DH),Ascension Bracelet (Det+Det),Ascension Ring (Det+Det),Aug Credendum Ring (Det+Det),Caviar Canapes,132.0,3375.0,617,1966,2234,1295,13390.493827608,5.799%
9.0,0.0,-23.0,26.0,Rod of Ascension (SS+SS),Aug Credendum Circlet (SS+SS),Ascension Robe (DH+DH),Aug Credendum Gauntlets (DH+DH),Ascension Longkilt (SS+SS),Aug Credendum Sollerets (SS+SS),Aug Credendum Earrings (DH+DH),Ascension Necklace (SS+SS),Aug Credendum Bracelets (SS+DH),Aug Credendum Ring (SS+SS),Ascension Ring (SS+SS),Caviar Sandwich,132.0,3375.0,1998,1368,637,2126,13388.358008599,5.782%
10.0,33.0,99.0,14.0,Rod of Ascension (Det+Det),Ascension Turban (Crit+Crit),Aug Credendum Surcoat (Det+Det),Ascension Gloves (Det+Det),Aug Credendum Hose (Crit+Crit),Ascension Sandals (Crit+Crit),Ascension Earring (Det+Det),Aug Credendum Necklace (SS+Crit),Ascension Bracelet (Det+Det),Ascension Ring (Det+Det),Aug Credendum Ring (Det+Det),Caviar Canapes,132.0,3375.0,545,2074,2179,1331,13388.281324704001,5.781%
6400.0,80.0,1.0,0.0,Rod of Ascension (DH+DH),Aug Credendum Circlet (DH+DH),Ascension Robe (DH+DH),Aug Credendum Gauntlets (DH+DH),Ascension Longkilt (Crit+Crit),Aug Credendum Sollerets (Crit+Crit),Aug Credendum Earrings (DH+DH),Ascension Necklace (Crit+Crit),Ascension Bracelet (DH+DH),Aug Credendum Ring (Crit+Crit),Ascension Ring (DH+DH),Caviar Sandwich,132.0,3375.0,2233,1784,594,1542,13383.012465375003,5.740%
0.0,1.0,1000000.0,1000.0,Rod of Ascension (Det+Det),Ascension Turban (Det+Det),Aug Credendum Surcoat (Det+Det),Ascension Gloves (Det+Det),Ascension Longkilt (SS+SS),Ascension Sandals (SS+SS),Ascension Earring (Det+Det),Aug Credendum Necklace (SS+SS),Aug Credendum Bracelets (SS+SS),Ascension Ring (Det+Det),Aug Credendum Ring (Det+Det),Caviar Sandwich,132.0,3375.0,899,1778,1942,1476,13381.874108400003,5.731%
1000.0,1.0,0.0,1000000.0,Rod of Ascension (SS+SS),Ascension Turban (DH+DH),Ascension Robe (DH+DH),Aug Credendum Gauntlets (DH+DH),Ascension Longkilt (SS+Crit),Ascension Sandals (SS+SS),Aug Credendum Earrings (DH+DH),Ascension Necklace (SS+SS),Aug Credendum Bracelets (SS+SS),Aug Credendum Ring (SS+SS),Ascension Ring (SS+SS),Caviar Sandwich,132.0,3375.0,1721,1091,950,2321,13379.319625056,5.710%
1.0,0.0,-1.0,1.0,Rod of Ascension (DH+DH),Aug Credendum Circlet (SS+DH),Ascension Robe (DH+DH),Aug Credendum Gauntlets (DH+DH),Ascension Longkilt (SS+SS),Ascension Sandals (DH+DH),Aug Credendum Earrings (DH+DH),Ascension Necklace (SS+SS),Aug Credendum Bracelets (DH+DH),Aug Credendum Ring (SS+SS),Ascension Ring (DH+DH),Caviar Sandwich,132.0,3375.0,2102,1239,821,1967,13377.879429232002,5.699%
-27.0,3.0,40.0,-36.0,Rod of Ascension (Det+Det),Ascension Turban (Det+Det),Aug Credendum Surcoat (Det+Det),Ascension Gloves (Det+Det),Aug Credendum Hose (Crit+Crit),Ascension Sandals (Crit+Crit),Ascension Earring (Det+Det),Ascension Necklace (Det+Det),Ascension Bracelet (Det+Det),Ascension Ring (Det+Det),Aug Credendum Ring (Det+Det),Caviar Canapes,132.0,3375.0,690,1864,2161,1397,13376.571879468,5.689%
6400.0,1.0,0.0,80.0,Rod of Ascension (DH+DH),Aug Credendum Circlet (DH+DH),Ascension Robe (DH+DH),Ascension Gloves (Det+Det),Ascension Longkilt (SS+SS),Aug Credendum Sollerets (SS+SS),Aug Credendum Earrings (DH+DH),Ascension Necklace (SS+SS),Aug Credendum Bracelets (DH+DH),Aug Credendum Ring (SS+SS),Ascension Ring (DH+DH),Honeyed Dragonfruit,132.0,3375.0,2090,1552,883,1587,13376.111109263999,5.685%
1000.0,1.0,1000000.0,0.0,Rod of Ascension (Det+Det),Ascension Turban (Det+Det),Aug Credendum Surcoat (Det+Det),Ascension Gloves (Det+Det),Aug Credendum Hose (DH+DH),Ascension Sandals (SS+SS),Ascension Earring (Det+Det),Aug Credendum Necklace (DH+DH),Aug Credendum Bracelets (DH+DH),Ascension Ring (Det+Det),Aug Credendum Ring (Det+Det),Caviar Sandwich,132.0,3375.0,823,1574,2234,1493,13374.736930268999,5.674%
1.0,0.0,1000000.0,1000.0,Rod of Ascension (Det+Det),Ascension Turban (Det+Det),Aug Credendum Surcoat (Det+Det),Ascension Gloves (Det+Det),Aug Credendum Hose (SS+SS),Ascension Sandals (SS+SS),Ascension Earring (Det+Det),Ascension Necklace (Crit+Crit),Aug Credendum Bracelets (SS+SS),Ascension Ring (Det+Det),Aug Credendum Ring (Det+Det),Caviar Sandwich,132.0,3375.0,752,1544,2089,1710,13373.846968500002,5.667%
0.0,80.0,6400.0,1.0,Rod of Ascension (Det+Det),Ascension Turban (Det+Det),Aug Credendum Surcoat (Det+Det),Ascension Gloves (SS+Det),Aug Credendum Hose (Crit+Crit),Ascension Sandals (Crit+Crit),Ascension Earring (Det+Det),Aug Credendum Necklace (Crit+Crit),Ascension Bracelet (Det+Det),Ascension Ring (Det+Det),Aug Credendum Ring (Det+Det),Baked Eggplant,132.0,3375.0,545,1968,2318,1269,13364.515520775001,5.593%
1000000.0,0.0,1.0,1000.0,Rod of Ascension (DH+DH),Aug Credendum Circlet (DH+DH),Ascension Robe (DH+DH),Aug Credendum Gauntlets (DH+DH),Ascension Longkilt (SS+SS),Ascension Sandals (SS+DH),Aug Credendum Earrings (DH+DH),Ascension Necklace (SS+SS),Aug Credendum Bracelets (DH+DH),Aug Credendum Ring (SS+SS),Ascension Ring (DH+DH),Caviar Sandwich,132.0,3375.0,2085,1239,821,1967,13362.988646252003,5.581%
1000000.0,1.0,0.0,1000.0,Rod of Ascension (SS+DH),Aug Credendum Circlet (DH+DH),Ascension Robe (DH+DH),Aug Credendum Gauntlets (DH+DH),Ascension Longkilt (SS+SS),Aug Credendum Sollerets (SS+SS),Aug Credendum Earrings (DH+DH),Ascension Necklace (SS+SS),Aug Credendum Bracelets (DH+DH),Aug Credendum Ring (SS+SS),Ascension Ring (DH+DH),Honeyed Dragonfruit,132.0,3375.0,2238,1368,699,1807,13357.089909679999,5.535%
0.0,1.0,6400.0,80.0,Rod of Ascension (Det+Det),Ascension Turban (Det+Det),Aug Credendum Surcoat (Det+Det),Ascension Gloves (Det+Det),Aug Credendum Hose (SS+SS),Ascension Sandals (SS+SS),Ascension Earring (Det+Det),Aug Credendum Necklace (SS+SS),Aug Credendum Bracelets (SS+SS),Ascension Ring (Det+Det),Aug Credendum Ring (Det+Det),Baked Eggplant,132.0,3375.0,545,1636,2337,1577,13355.891521649999,5.525%
1.0,0.0,6400.0,80.0,Rod of Ascension (Det+Det),Ascension Turban (Det+Det),Aug Credendum Surcoat (SS+DH),Ascension Gloves (Det+Det),Aug Credendum Hose (SS+SS),Ascension Sandals (SS+SS),Ascension Earring (Det+Det),Aug Credendum Necklace (SS+SS),Aug Credendum Bracelets (SS+SS),Ascension Ring (Det+Det),Aug Credendum Ring (Det+Det),Caviar Sandwich,132.0,3375.0,639,1574,2162,1716,13355.84874351,5.525%
1.0,80.0,6400.0,0.0,Rod of Ascension (Det+Det),Ascension Turban (Det+Det),Aug Credendum Surcoat (Det+Det),Ascension Gloves (Det+Det),Aug Credendum Hose (Crit+Crit),Ascension Sandals (SS+Crit),Ascension Earring (Det+Det),Aug Credendum Necklace (Crit+Crit),Ascension Bracelet (Det+Det),Ascension Ring (Det+Det),Aug Credendum Ring (Det+Det),Baked Eggplant,132.0,3375.0,545,1932,2337,1269,13341.083446872002,5.408%
